2	-2.604486	▁
3	-3.767885	s
4	-4.433599	,
5	-4.488845	▁#
6	-4.820851	.
7	-5.060789	t
8	-5.089996	▁the
9	-5.175834	▁a
10	-5.309803	'
11	-5.381152	▁to
12	-5.459049	...
13	-5.542450	▁i
14	-5.616272	▁de
15	-5.639894	n
16	-5.643751	e
17	-5.676920	a
18	-5.688370	m
19	-5.707571	▁in
20	-5.753627	k
21	-5.783265	▁and
22	-5.811604	i
23	-5.851188	o
24	-5.885958	!
25	-5.893123	ing
26	-5.922379	d
27	-5.932153	▁️
28	-5.944645	y
29	-5.995549	r
30	-6.057653	▁my
31	-6.059042	▁of
32	-6.070214	▁you
33	-6.089432	▁this
34	-6.101364	ed
35	-6.103441	▁for
36	-6.148721	c
37	-6.163376	▁is
38	-6.194347	、
39	-6.230820	es
40	-6.260794	l
41	-6.277856	▁la
42	-6.277867	-
43	-6.283937	▁it
44	-6.297848	re
45	-6.354334	の
46	-6.362834	▁with
47	-6.392315	in
48	-6.412771	la
49	-6.412968	u
50	-6.482207	er
51	-6.492189	p
52	-6.528310	le
53	-6.530587	的
54	-6.532507	li
55	-6.542638	▁on
56	-6.548211	▁ya
57	-6.573178	g
58	-6.579653	ta
59	-6.584153	▁be
60	-6.585610	▁so
61	-6.602102	’
62	-6.618784	▁me
63	-6.642575	▁ku
64	-6.652920	ة
65	-6.657314	te
66	-6.662335	al
67	-6.672849	▁en
68	-6.679333	▁we
69	-6.682389	▁na
70	-6.685273	ma
71	-6.688651	▁at
72	-6.731757	ية
73	-6.734820	me
74	-6.741893	b
75	-6.744236	의
76	-6.785918	wa
77	-6.787276	▁wa
78	-6.811646	na
79	-6.853074	▁ال
80	-6.856978	이
81	-6.864672	▁l
82	-6.890913	ي
83	-6.900134	di
84	-6.900638	▁that
85	-6.908630	ت
86	-6.910993	z
87	-6.913537	é
88	-6.923923	de
89	-6.927882	f
90	-6.928738	ly
91	-6.933692	to
92	-6.934937	▁love
93	-6.938431	ti
94	-6.944678	h
95	-6.970872	е
96	-6.971029	م
97	-6.975559	en
98	-6.981675	▁ma
99	-6.995975	ع
100	-7.005938	▁в
101	-7.011750	▁are
102	-7.012103	を
103	-7.012586	ri
104	-7.012686	을
105	-7.014700	が
106	-7.015203	и
107	-7.025158	da
108	-7.025458	an
109	-7.032397	▁up
110	-7.043970	▁d
111	-7.050162	w
112	-7.054103	،
113	-7.054536	▁في
114	-7.058645	а
115	-7.066525	▁re
116	-7.068898	र
117	-7.069762	▁con
118	-7.072318	ne
119	-7.081069	は
120	-7.089048	▁all
121	-7.093968	ن
122	-7.095633	si
123	-7.099200	に
124	-7.104163	о
125	-7.104545	는
126	-7.105116	▁se
127	-7.134960	▁can
128	-7.137755	x
129	-7.144982	ni
130	-7.164378	?
131	-7.174177	▁was
132	-7.174694	ه
133	-7.199720	ات
134	-7.200734	▁الم
135	-7.201684	ra
136	-7.206873	в
137	-7.208814	at
138	-7.215990	。
139	-7.224253	ल
140	-7.238083	▁just
141	-7.250176	ب
142	-7.254183	▁el
143	-7.256653	에
144	-7.259015	▁m
145	-7.261081	it
146	-7.261510	os
147	-7.264817	th
148	-7.268587	ka
149	-7.268977	은
150	-7.271850	д
151	-7.273636	न
152	-7.279962	▁y
153	-7.292125	▁के
154	-7.295218	ng
155	-7.297349	▁un
156	-7.297489	▁19
157	-7.299759	ı
158	-7.300111	د
159	-7.303324	▁من
160	-7.303445	м
161	-7.306669	ce
162	-7.314182	;
163	-7.316263	▁b
164	-7.318934	▁no
165	-7.324401	is
166	-7.324970	lar
167	-7.325098	zi
168	-7.325973	ar
169	-7.327209	▁do
170	-7.327987	ve
171	-7.333010	я
172	-7.343775	▁day
173	-7.353775	ba
174	-7.361100	ca
175	-7.362374	▁your
176	-7.363953	п
177	-7.364724	on
178	-7.368724	se
179	-7.369012	▁с
180	-7.371333	sa
181	-7.373285	do
182	-7.379139	▁have
183	-7.379666	ح
184	-7.382267	mo
185	-7.385646	ll
186	-7.385885	가
187	-7.386943	v
188	-7.388481	▁out
189	-7.393632	▁c
190	-7.400321	▁from
191	-7.402556	ş
192	-7.407349	ro
193	-7.410840	lo
194	-7.414684	ter
195	-7.416602	be
196	-7.418069	▁but
197	-7.418284	▁أ
198	-7.422235	ли
199	-7.422472	▁में
200	-7.422513	mi
201	-7.425417	▁م
202	-7.429422	ir
203	-7.433464	▁ve
204	-7.438413	)
205	-7.450099	с
206	-7.451734	or
207	-7.455316	▁get
208	-7.456128	ों
209	-7.457975	ke
210	-7.462049	▁like
211	-7.462465	س
212	-7.463293	▁will
213	-7.470599	ी
214	-7.471564	▁time
215	-7.473208	as
216	-7.475554	х
217	-7.477802	pa
218	-7.479218	▁u
219	-7.480295	po
220	-7.484735	!!
221	-7.486002	ا
222	-7.489462	를
223	-7.489604	т
224	-7.492160	▁le
225	-7.492757	no
226	-7.494078	▁or
227	-7.496189	▁go
228	-7.497538	年
229	-7.499145	▁an
230	-7.502180	▁по
231	-7.502532	▁not
232	-7.505195	्
233	-7.506585	▁by
234	-7.509627	▁new
235	-7.509995	:
236	-7.513783	ि
237	-7.514019	ها
238	-7.517338	ج
239	-7.519473	co
240	-7.519558	tion
241	-7.524864	▁when
242	-7.527293	go
243	-7.530043	로
244	-7.530560	ler
245	-7.534695	tu
246	-7.536668	ya
247	-7.540397	ق
248	-7.542439	il
249	-7.549722	ف
250	-7.549857	н
251	-7.551386	ü
252	-7.554312	▁as
253	-7.554983	▁et
254	-7.557230	と
255	-7.557421	ci
256	-7.559170	ki
257	-7.560074	ж
258	-7.561474	▁he
259	-7.565217	ch
260	-7.566158	▁happy
261	-7.572669	ge
262	-7.574534	amp
263	-7.580595	म
264	-7.581741	▁what
265	-7.584062	▁mi
266	-7.585538	the
267	-7.590755	▁des
268	-7.591670	▁que
269	-7.591813	▁и
270	-7.593403	ض
271	-7.593431	ز
272	-7.593999	▁ha
273	-7.594308	त
274	-7.595285	ा
275	-7.595424	ó
276	-7.600395	ч
277	-7.602692	▁kwa
278	-7.604668	ين
279	-7.609245	lu
280	-7.617187	▁one
281	-7.618577	도
282	-7.619884	▁وال
283	-7.620357	▁al
284	-7.624143	ط
285	-7.624561	▁ب
286	-7.627444	we
287	-7.628582	ha
288	-7.645111	▁و
289	-7.646434	ка
290	-7.647234	ص
291	-7.649257	▁ت
292	-7.649506	▁vi
293	-7.649968	ل
294	-7.652891	ck
295	-7.655128	ment
296	-7.655132	у
297	-7.656278	з
298	-7.666311	人
299	-7.673309	▁на
300	-7.676854	ia
301	-7.677478	े
302	-7.685659	▁su
303	-7.690967	▁good
304	-7.693038	ر
305	-7.702164	▁now
306	-7.702504	기
307	-7.703634	▁ni
308	-7.704953	ja
309	-7.705098	▁back
310	-7.708256	▁today
311	-7.712254	ga
312	-7.714955	▁du
313	-7.715960	▁here
314	-7.718343	ра
315	-7.721511	▁ki
316	-7.722171	क
317	-7.723927	한
318	-7.728824	大
319	-7.732476	ru
320	-7.732625	на
321	-7.736509	ers
322	-7.738413	nt
323	-7.742754	el
324	-7.749388	!!!
325	-7.750597	л
326	-7.751488	▁si
327	-7.754560	za
328	-7.757792	▁-
329	-7.769239	다
330	-7.773465	ine
331	-7.775066	fa
332	-7.775314	▁more
333	-7.778441	▁don
334	-7.778632	st
335	-7.786290	▁see
336	-7.790401	▁pro
337	-7.790473	ko
338	-7.790532	する
339	-7.791102	▁1
340	-7.794032	к
341	-7.795092	ك
342	-7.795287	ン
343	-7.802196	▁les
344	-7.803901	▁they
345	-7.805368	cu
346	-7.806443	리
347	-7.811571	ye
348	-7.817076	ur
349	-7.817638	و
350	-7.819769	▁los
351	-7.820872	un
352	-7.821538	ст
353	-7.825986	▁का
354	-7.828193	/
355	-7.831088	▁if
356	-7.832395	▁की
357	-7.837826	ث
358	-7.839809	pe
359	-7.841308	ان
360	-7.844980	р
361	-7.845261	us
362	-7.847048	ion
363	-7.848655	▁night
364	-7.848936	mu
365	-7.851270	स
366	-7.852173	▁our
367	-7.854809	ation
368	-7.856470	과
369	-7.857476	но
370	-7.861708	▁&
371	-7.863410	ji
372	-7.864179	▁w
373	-7.865482	▁some
374	-7.866711	fi
375	-7.869067	б
376	-7.871226	で
377	-7.872771	ش
378	-7.874104	وا
379	-7.875079	▁po
380	-7.875180	▁الأ
381	-7.878565	اء
382	-7.879479	г
383	-7.883139	▁these
384	-7.883243	▁di
385	-7.883296	fu
386	-7.885171	▁e
387	-7.886637	ло
388	-7.888232	▁buy
389	-7.890285	ы
390	-7.891720	ла
391	-7.903361	á
392	-7.904536	hi
393	-7.906836	▁ca
394	-7.906854	い
395	-7.908269	ро
396	-7.910679	▁o
397	-7.914629	中
398	-7.916097	有
399	-7.918217	den
400	-7.919067	▁let
401	-7.919422	▁:
402	-7.921880	ال
403	-7.922516	bu
404	-7.925705	▁f
405	-7.927084	し
406	-7.928915	▁(
407	-7.932187	에서
408	-7.932570	ни
409	-7.933258	य
410	-7.935068	2
411	-7.936488	1
412	-7.938562	ent
413	-7.940287	▁best
414	-7.941937	bi
415	-7.946509	ho
416	-7.948103	▁ta
417	-7.949074	й
418	-7.949667	▁है
419	-7.951907	ти
420	-7.953753	▁got
421	-7.954287	प
422	-7.954308	▁ل
423	-7.956364	지
424	-7.956913	고
425	-7.959409	ов
426	-7.962441	ш
427	-7.963285	▁us
428	-7.963807	ul
429	-7.964547	щ
430	-7.964944	im
431	-7.965561	▁bears
432	-7.969190	▁2
433	-7.969991	ant
434	-7.974094	vi
435	-7.974405	一
436	-7.974568	▁bir
437	-7.975521	으로
438	-7.979423	ze
439	-7.979505	国
440	-7.981662	어
441	-7.983773	▁sa
442	-7.986197	자
443	-7.986255	▁से
444	-7.986973	yo
445	-7.988048	غ
446	-7.991454	在
447	-7.991539	▁da
448	-7.991620	▁last
449	-7.993534	▁co
450	-7.994610	so
451	-7.995516	地
452	-7.998388	res
453	-8.001652	▁about
454	-8.002935	是
455	-8.004492	▁لل
456	-8.007479	zo
457	-8.012039	▁pe
458	-8.012658	▁à
459	-8.015352	du
460	-8.015909	ー
461	-8.017988	est
462	-8.019667	ad
463	-8.021232	▁going
464	-8.022393	%
465	-8.030793	_
466	-8.030806	love
467	-8.031799	인
468	-8.033192	sh
469	-8.036022	et
470	-8.036091	▁una
471	-8.040709	ku
472	-8.041544	che
473	-8.043186	和
474	-8.045563	pi
475	-8.046831	ु
476	-8.049822	те
477	-8.056396	ون
478	-8.058364	▁h
479	-8.058894	▁और
480	-8.063410	ç
481	-8.065104	▁bo
482	-8.066014	る
483	-8.066359	age
484	-8.068914	▁k
485	-8.070425	▁who
486	-8.070479	ス
487	-8.071419	lan
488	-8.072040	ре
489	-8.076156	ан
490	-8.077956	um
491	-8.078625	ва
492	-8.083545	▁come
493	-8.083697	ных
494	-8.085535	▁ra
495	-8.086485	▁est
496	-8.087419	man
497	-8.087655	nd
498	-8.091725	че
499	-8.092396	▁how
500	-8.092963	▁pa
501	-8.093422	▁down
502	-8.093653	ie
503	-8.093657	да
504	-8.096650	▁g
505	-8.099310	ut
506	-8.099891	▁ex
507	-8.103414	▁know
508	-8.106437	व
509	-8.106933	した
510	-8.107227	ह
511	-8.109838	な
512	-8.110813	gi
513	-8.111944	▁не
514	-8.112265	"
515	-8.116634	j
516	-8.118855	▁people
517	-8.120943	।
518	-8.123893	▁3
519	-8.124073	▁على
520	-8.124074	▁ba
521	-8.124158	ول
522	-8.125091	▁za
523	-8.125785	▁"
524	-8.125795	my
525	-8.130513	▁man
526	-8.130517	les
527	-8.130648	ten
528	-8.131128	am
529	-8.133467	▁par
530	-8.133801	▁au
531	-8.133972	ları
532	-8.137751	ता
533	-8.137775	ю
534	-8.149379	va
535	-8.149632	que
536	-8.153170	▁her
537	-8.153470	▁es
538	-8.156368	ле
539	-8.156499	mb
540	-8.157458	▁great
541	-8.158298	lerin
542	-8.163116	▁ka
543	-8.166199	성
544	-8.167722	▁del
545	-8.167747	and
546	-8.170660	▁الت
547	-8.171195	▁...
548	-8.172928	ル
549	-8.173142	sta
550	-8.173808	ट
551	-8.174833	í
552	-8.176040	▁hu
553	-8.176209	ки
554	-8.176936	▁had
555	-8.177450	ار
556	-8.180929	▁को
557	-8.181291	ic
558	-8.181846	▁v
559	-8.182091	▁much
560	-8.185007	ι
561	-8.188776	▁bu
562	-8.190716	ो
563	-8.191600	lı
564	-8.192616	▁she
565	-8.196113	▁अ
566	-8.198535	ئ
567	-8.198731	生
568	-8.199233	▁за
569	-8.199443	▁has
570	-8.201804	tes
571	-8.203857	▁crypto
572	-8.205954	μ
573	-8.206050	je
574	-8.206455	не
575	-8.206931	▁ro
576	-8.206988	▁por
577	-8.208163	▁kuwa
578	-8.211645	та
579	-8.213479	▁over
580	-8.216377	▁при
581	-8.222190	▁tu
582	-8.226246	▁20
583	-8.228695	τ
584	-8.229447	▁year
585	-8.229965	▁عام
586	-8.232053	ción
587	-8.233455	▁fun
588	-8.234556	ना
589	-8.237245	ير
590	-8.237731	wi
591	-8.238995	스
592	-8.239031	▁pre
593	-8.239210	ू
594	-8.240275	لا
595	-8.240779	ting
596	-8.242012	▁pi
597	-8.244116	学
598	-8.249175	▁still
599	-8.249533	▁hi
600	-8.250399	#
601	-8.256529	▁со
602	-8.260846	يا
603	-8.261106	用
604	-8.262424	خ
605	-8.262615	day
606	-8.263364	го
607	-8.263688	श
608	-8.265015	▁cha
609	-8.267347	up
610	-8.267898	▁आ
611	-8.272380	▁little
612	-8.276385	대
613	-8.276426	上
614	-8.283808	▁cu
615	-8.288818	▁look
616	-8.292325	▁ho
617	-8.293289	ry
618	-8.299345	σ
619	-8.306405	하는
620	-8.308016	len
621	-8.309852	시
622	-8.310147	ny
623	-8.313356	η
624	-8.313808	ं
625	-8.317420	▁beautiful
626	-8.317821	he
627	-8.318731	▁dé
628	-8.321792	出
629	-8.321898	leri
630	-8.322984	性
631	-8.323979	3
632	-8.324129	▁christmas
633	-8.325017	分
634	-8.329101	▁only
635	-8.330614	수
636	-8.331066	▁18
637	-8.332695	ما
638	-8.333419	bo
639	-8.335953	▁ju
640	-8.336158	wo
641	-8.336248	اد
642	-8.337409	ron
643	-8.340725	▁fa
644	-8.342445	▁к
645	-8.343103	يد
646	-8.344142	ज
647	-8.345294	▁katika
648	-8.345603	▁first
649	-8.346313	ada
650	-8.346680	▁у
651	-8.347672	▁make
652	-8.351274	ε
653	-8.356798	vo
654	-8.356911	▁lol
655	-8.359389	▁birthday
656	-8.360166	行
657	-8.360364	ty
658	-8.363469	▁đ
659	-8.367392	も
660	-8.368706	cha
661	-8.368830	사
662	-8.370718	tor
663	-8.374660	ен
664	-8.375211	▁long
665	-8.375743	land
666	-8.376140	▁car
667	-8.376292	▁про
668	-8.379161	▁bitcoin
669	-8.379980	ль
670	-8.380137	와
671	-8.381593	nu
672	-8.383366	life
673	-8.385188	▁إلى
674	-8.385878	ной
675	-8.385946	▁there
676	-8.385997	▁수
677	-8.389352	▁thanks
678	-8.392894	化
679	-8.394232	sha
680	-8.394613	ве
681	-8.395176	all
682	-8.396171	▁right
683	-8.396657	α
684	-8.397194	ور
685	-8.398680	▁take
686	-8.399783	▁las
687	-8.399853	ff
688	-8.400030	▁per
689	-8.402477	ς
690	-8.403037	ğ
691	-8.404216	▁о
692	-8.405493	cia
693	-8.408063	5
694	-8.410107	定
695	-8.410343	ग
696	-8.411500	화
697	-8.411516	ने
698	-8.411524	体
699	-8.413050	4
700	-8.414524	gu
701	-8.414990	ber
702	-8.415111	ac
703	-8.416009	ity
704	-8.416696	▁mo
705	-8.418483	2016
706	-8.418647	ф
707	-8.420531	▁بال
708	-8.420556	रा
709	-8.420812	ın
710	-8.421120	▁been
711	-8.422481	▁p
712	-8.422927	ラ
713	-8.423025	や
714	-8.425835	id
715	-8.426928	▁life
716	-8.428350	▁@
717	-8.428372	mp
718	-8.430079	▁4
719	-8.430775	▁always
720	-8.433423	▁para
721	-8.433696	▁mar
722	-8.434464	tro
723	-8.434948	▁dis
724	-8.435507	во
725	-8.435789	را
726	-8.436869	ет
727	-8.437272	ми
728	-8.437495	▁पर
729	-8.439013	▁off
730	-8.439462	장
731	-8.440060	der
732	-8.440567	く
733	-8.441041	원
734	-8.442570	ア
735	-8.444291	▁next
736	-8.447379	tan
737	-8.447627	men
738	-8.448947	γ
739	-8.450105	法
740	-8.450393	▁(@
741	-8.450397	for
742	-8.450751	入
743	-8.451752	▁fi
744	-8.452144	ُ
745	-8.453090	」
746	-8.453829	▁again
747	-8.454044	tri
748	-8.455736	ध
749	-8.455803	ًا
750	-8.457836	ذ
751	-8.458736	▁lo
752	-8.460116	ित
753	-8.460421	ण
754	-8.461250	▁ana
755	-8.461987	水
756	-8.464090	nda
757	-8.465201	min
758	-8.467360	िक
759	-8.467795	▁his
760	-8.468849	ée
761	-8.469791	ом
762	-8.469973	ام
763	-8.470992	ado
764	-8.472009	able
765	-8.473578	▁ar
766	-8.473651	▁10
767	-8.473833	ци
768	-8.474279	ى
769	-8.474791	▁used
770	-8.475130	▁big
771	-8.476551	高
772	-8.476964	op
773	-8.477386	ted
774	-8.477418	ля
775	-8.478284	▁comp
776	-8.478735	iz
777	-8.479080	द
778	-8.481599	ton
779	-8.485096	か
780	-8.485466	ak
781	-8.486897	▁«
782	-8.488754	ana
783	-8.489234	▁thank
784	-8.490997	inde
785	-8.492473	▁ali
786	-8.493609	년
787	-8.496765	▁need
788	-8.497493	्य
789	-8.497789	ρ
790	-8.497884	té
791	-8.501540	ся
792	-8.502304	▁li
793	-8.506609	या
794	-8.508341	su
795	-8.509332	वा
796	-8.509736	▁об
797	-8.512445	・
798	-8.514812	shi
799	-8.515165	ри
800	-8.515527	per
801	-8.515532	▁5
802	-8.515906	リ
803	-8.515936	▁tra
804	-8.516525	of
805	-8.516757	成
806	-8.517479	▁th
807	-8.517662	ब
808	-8.518014	▁wana
809	-8.518667	ol
810	-8.521119	▁sur
811	-8.521236	19
812	-8.523789	▁स
813	-8.524308	▁mu
814	-8.524863	ud
815	-8.527799	子
816	-8.528084	ّ
817	-8.529058	た
818	-8.530433	り
819	-8.530485	▁tonight
820	-8.531549	多
821	-8.534382	▁shib
822	-8.535796	▁even
823	-8.538207	ies
824	-8.541060	▁work
825	-8.542056	ру
826	-8.543469	▁son
827	-8.545291	아
828	-8.545437	مر
829	-8.546541	해
830	-8.547395	tar
831	-8.549309	κ
832	-8.550581	0
833	-8.550733	▁ko
834	-8.552260	▁bi
835	-8.554105	ला
836	-8.554813	▁dip
837	-8.555071	산
838	-8.556798	▁из
839	-8.556882	ин
840	-8.557877	作
841	-8.558473	ces
842	-8.559465	jo
843	-8.559860	ger
844	-8.561209	ей
845	-8.561421	▁ब
846	-8.562266	ड
847	-8.562464	मा
848	-8.564491	▁keep
849	-8.564653	て
850	-8.566188	▁way
851	-8.566364	학
852	-8.567508	dy
853	-8.567701	▁الس
854	-8.567993	ran
855	-8.568331	日
856	-8.571781	ο
857	-8.572585	isha
858	-8.572831	物
859	-8.573752	ные
860	-8.573774	▁الن
861	-8.573850	数
862	-8.574755	▁than
863	-8.574828	ist
864	-8.577085	▁think
865	-8.578183	力
866	-8.578610	де
867	-8.581674	▁morning
868	-8.582497	为
869	-8.583508	▁favorite
870	-8.584283	bil
871	-8.584994	king
872	-8.590238	▁ti
873	-8.590378	▁weekend
874	-8.592208	ag
875	-8.592447	「
876	-8.596452	▁أن
877	-8.598158	▁ver
878	-8.601262	語
879	-8.601459	▁ي
880	-8.601690	▁до
881	-8.601699	▁am
882	-8.603993	▁وت
883	-8.604249	▁home
884	-8.604434	▁market
885	-8.605172	量
886	-8.608121	체
887	-8.608350	정
888	-8.611782	라
889	-8.611799	aji
890	-8.613557	ique
891	-8.614470	了
892	-8.614921	00
893	-8.616044	اب
894	-8.616995	▁were
895	-8.617167	أ
896	-8.617273	ем
897	-8.617359	▁الع
898	-8.617659	aire
899	-8.618309	일
900	-8.619136	▁want
901	-8.621015	ения
902	-8.622242	ken
903	-8.623058	▁от
904	-8.623943	هم
905	-8.624943	전
906	-8.626920	dir
907	-8.627186	部
908	-8.627225	ver
909	-8.627249	tur
910	-8.628701	ven
911	-8.629310	ina
912	-8.630733	者
913	-8.632905	▁their
914	-8.633505	▁전
915	-8.635224	cho
916	-8.636551	▁too
917	-8.637695	λ
918	-8.640740	ini
919	-8.641062	ili
920	-8.642846	20
921	-8.644032	▁week
922	-8.644865	▁الق
923	-8.645240	▁say
924	-8.645448	י
925	-8.645644	ный
926	-8.649355	▁qui
927	-8.649672	적
928	-8.651282	tı
929	-8.652307	ö
930	-8.652437	ست
931	-8.652699	▁money
932	-8.653811	qui
933	-8.655105	ig
934	-8.655693	nyc
935	-8.657068	▁ch
936	-8.657211	▁com
937	-8.658940	hu
938	-8.660449	он
939	-8.660958	»
940	-8.661403	海
941	-8.665583	▁coming
942	-8.667334	мен
943	-8.667948	ek
944	-8.668193	▁ja
945	-8.669318	one
946	-8.671409	▁pu
947	-8.675117	▁वि
948	-8.675139	نا
949	-8.675197	위
950	-8.675747	月
951	-8.677387	▁show
952	-8.677515	イ
953	-8.677801	ların
954	-8.678181	car
955	-8.678707	ди
956	-8.681057	▁ré
957	-8.683950	▁대
958	-8.685719	lık
959	-8.685884	fe
960	-8.687059	▁after
961	-8.687485	合
962	-8.689377	名
963	-8.689803	▁never
964	-8.690751	後
965	-8.691787	▁الح
966	-8.692360	és
967	-8.692471	ster
968	-8.692490	▁skin
969	-8.692493	tra
970	-8.693052	▁before
971	-8.695843	им
972	-8.699646	から
973	-8.704607	سا
974	-8.705637	دة
975	-8.706069	▁baby
976	-8.707732	▁—
977	-8.709251	tic
978	-8.710084	port
979	-8.710455	em
980	-8.710552	▁प
981	-8.711565	상
982	-8.714854	▁va
983	-8.715642	ele
984	-8.716285	▁another
985	-8.719326	if
986	-8.719571	rd
987	-8.720387	ют
988	-8.720577	▁ne
989	-8.721581	▁te
990	-8.722393	ice
991	-8.722436	ой
992	-8.722713	▁ح
993	-8.725485	idad
994	-8.725929	▁é
995	-8.726080	▁이
996	-8.726262	▁girl
997	-8.727773	time
998	-8.727812	▁post
999	-8.727901	ive
1000	-8.729605	اً
1001	-8.729639	계
1002	-8.729753	▁fo
1003	-8.730540	▁short
1004	-8.731017	ров
1005	-8.731492	▁soon
1006	-8.732411	▁dans
1007	-8.732862	χ
1008	-8.734158	ظ
1009	-8.737788	son
1010	-8.739164	▁ग
1011	-8.739263	▁amazing
1012	-8.739642	▁tr
1013	-8.741091	▁getting
1014	-8.741117	▁एक
1015	-8.741458	▁bro
1016	-8.742627	чи
1017	-8.743474	ği
1018	-8.745179	▁म
1019	-8.746510	red
1020	-8.746642	по
1021	-8.746675	이다
1022	-8.746867	mes
1023	-8.747280	mon
1024	-8.747526	▁two
1025	-8.752325	▁ready
1026	-8.752356	▁em
1027	-8.753871	aux
1028	-8.755464	же
1029	-8.756324	ия
1030	-8.756557	і
1031	-8.756595	以
1032	-8.756743	υ
1033	-8.758859	▁made
1034	-8.759120	▁where
1035	-8.759287	▁유
1036	-8.759502	ika
1037	-8.760688	소
1038	-8.762154	하
1039	-8.762780	▁world
1040	-8.764070	▁years
1041	-8.764766	ır
1042	-8.765700	方
1043	-8.765792	ै
1044	-8.766145	sı
1045	-8.768694	gen
1046	-8.770785	물
1047	-8.772291	con
1048	-8.773425	▁into
1049	-8.776837	لي
1050	-8.777471	ence
1051	-8.777654	chi
1052	-8.777876	دي
1053	-8.778324	진
1054	-8.778824	西
1055	-8.779265	學
1056	-8.780242	▁wait
1057	-8.780435	क्
1058	-8.780445	ndo
1059	-8.780900	ма
1060	-8.780975	au
1061	-8.781122	om
1062	-8.782667	ación
1063	-8.783622	vu
1064	-8.784148	cent
1065	-8.785730	nin
1066	-8.786421	bre
1067	-8.789731	▁une
1068	-8.789907	ner
1069	-8.790186	ты
1070	-8.790210	بر
1071	-8.790407	ren
1072	-8.790466	▁would
1073	-8.793096	▁fe
1074	-8.794250	▁btc
1075	-8.794267	▁tone
1076	-8.795644	то
1077	-8.796619	يل
1078	-8.796920	fan
1079	-8.800576	下
1080	-8.800712	不
1081	-8.800715	аль
1082	-8.801199	して
1083	-8.803460	▁cor
1084	-8.804164	dan
1085	-8.805163	▁como
1086	-8.805365	ό
1087	-8.805640	ight
1088	-8.806308	▁ك
1089	-8.806494	では
1090	-8.807187	▁shit
1091	-8.807305	سي
1092	-8.807957	â
1093	-8.809816	▁place
1094	-8.810349	ны
1095	-8.810389	民
1096	-8.810969	ité
1097	-8.813311	制
1098	-8.814021	った
1099	-8.814713	為
1100	-8.814800	▁प्र
1101	-8.815567	ного
1102	-8.816220	立
1103	-8.816327	▁вы
1104	-8.816425	▁family
1105	-8.816542	ά
1106	-8.817249	لة
1107	-8.818207	▁지
1108	-8.820598	pu
1109	-8.821241	mente
1110	-8.823558	ara
1111	-8.824474	南
1112	-8.825033	fun
1113	-8.825243	kuwa
1114	-8.825691	can
1115	-8.826287	عة
1116	-8.826576	き
1117	-8.826715	國
1118	-8.827579	ble
1119	-8.828443	اف
1120	-8.829106	于
1121	-8.829414	▁im
1122	-8.829592	δ
1123	-8.830206	ती
1124	-8.831484	星
1125	-8.831715	▁che
1126	-8.832156	▁ज
1127	-8.834161	▁real
1128	-8.834379	ú
1129	-8.834836	ν
1130	-8.835466	ча
1131	-8.835598	ري
1132	-8.836684	▁everyone
1133	-8.838240	▁oh
1134	-8.840200	家
1135	-8.840831	dos
1136	-8.844482	マ
1137	-8.845259	ex
1138	-8.846080	명
1139	-8.847989	▁الب
1140	-8.848114	▁pour
1141	-8.848269	▁better
1142	-8.848790	▁other
1143	-8.849340	▁high
1144	-8.849667	제
1145	-8.850445	北
1146	-8.851046	با
1147	-8.851236	out
1148	-8.853228	ciones
1149	-8.854141	ь
1150	-8.856155	6
1151	-8.856407	▁क
1152	-8.857329	nga
1153	-8.858486	oc
1154	-8.859557	부
1155	-8.859654	iki
1156	-8.861936	π
1157	-8.861993	▁je
1158	-8.862294	▁well
1159	-8.863377	pro
1160	-8.864450	つ
1161	-8.864523	▁most
1162	-8.867837	....
1163	-8.868578	lama
1164	-8.868580	主
1165	-8.868704	▁friends
1166	-8.869058	art
1167	-8.869664	▁friend
1168	-8.870353	يات
1169	-8.870401	ит
1170	-8.871441	▁bar
1171	-8.872618	ap
1172	-8.872638	▁hold
1173	-8.873600	식
1174	-8.874402	▁person
1175	-8.874457	ود
1176	-8.874861	外
1177	-8.876514	小
1178	-8.877969	ju
1179	-8.879752	ए
1180	-8.880078	▁run
1181	-8.880834	文
1182	-8.882037	dır
1183	-8.882134	ile
1184	-8.883533	▁الج
1185	-8.884219	▁раз
1186	-8.884486	مل
1187	-8.885477	▁miss
1188	-8.886666	▁them
1189	-8.886698	▁then
1190	-8.887758	ste
1191	-8.888168	到
1192	-8.888494	7
1193	-8.890964	ами
1194	-8.891292	ク
1195	-8.891524	▁because
1196	-8.892898	elle
1197	-8.892990	▁chi
1198	-8.893425	▁st
1199	-8.893768	▁emoji
1200	-8.893787	ris
1201	-8.893985	io
1202	-8.894367	च
1203	-8.895301	يق
1204	-8.896014	山
1205	-8.896144	mas
1206	-8.896832	ख
1207	-8.896877	ot
1208	-8.898417	ко
1209	-8.898967	▁watu
1210	-8.899124	ance
1211	-8.899440	▁gonna
1212	-8.900207	▁why
1213	-8.901347	9
1214	-8.901656	公
1215	-8.901740	ente
1216	-8.902824	sho
1217	-8.902992	▁기
1218	-8.903354	θ
1219	-8.904121	용
1220	-8.904642	è
1221	-8.904659	▁being
1222	-8.904950	▁6
1223	-8.905260	сти
1224	-8.907127	lik
1225	-8.907990	▁कि
1226	-8.908020	▁ف
1227	-8.908137	lin
1228	-8.908169	▁qu
1229	-8.909088	ise
1230	-8.912450	га
1231	-8.914786	▁ol
1232	-8.915580	وي
1233	-8.916775	▁imp
1234	-8.917009	ah
1235	-8.919306	mar
1236	-8.920204	10
1237	-8.920621	▁app
1238	-8.920669	ня
1239	-8.921862	▁days
1240	-8.922339	رة
1241	-8.922607	ita
1242	-8.923904	位
1243	-8.924898	▁가
1244	-8.929449	exp
1245	-8.930881	16
1246	-8.931106	ным
1247	-8.931519	前
1248	-8.931887	▁break
1249	-8.932100	明
1250	-8.932684	特
1251	-8.933141	ang
1252	-8.934270	▁ame
1253	-8.934337	ther
1254	-8.934483	▁every
1255	-8.934763	क्ष
1256	-8.936157	ep
1257	-8.936811	▁مع
1258	-8.937099	ian
1259	-8.937163	電
1260	-8.937364	流
1261	-8.937559	▁sell
1262	-8.938118	▁game
1263	-8.938417	自
1264	-8.940300	内
1265	-8.940952	فا
1266	-8.941507	▁الك
1267	-8.945115	▁الف
1268	-8.945769	сто
1269	-8.946673	less
1270	-8.947735	عد
1271	-8.948706	▁fl
1272	-8.948923	ку
1273	-8.949107	ling
1274	-8.949258	서
1275	-8.949364	された
1276	-8.950243	▁भारत
1277	-8.950967	ria
1278	-8.951032	주
1279	-8.952324	▁सं
1280	-8.954297	▁guys
1281	-8.955110	usa
1282	-8.955177	à
1283	-8.955576	ser
1284	-8.955584	▁stop
1285	-8.955853	ales
1286	-8.956748	치
1287	-8.958265	▁году
1288	-8.958512	gg
1289	-8.958644	▁did
1290	-8.959343	▁gi
1291	-8.962962	▁could
1292	-8.963216	▁bas
1293	-8.963411	ani
1294	-8.964192	ал
1295	-8.964772	▁ever
1296	-8.965209	▁end
1297	-8.965315	مة
1298	-8.967103	ない
1299	-8.968190	ía
1300	-8.969475	▁really
1301	-8.969538	所
1302	-8.969655	▁many
1303	-8.969829	dia
1304	-8.970675	▁정
1305	-8.973175	री
1306	-8.973195	ド
1307	-8.973450	▁sub
1308	-8.974524	ante
1309	-8.974945	tin
1310	-8.976166	▁x
1311	-8.976373	cle
1312	-8.976517	فر
1313	-8.976543	면
1314	-8.976548	ving
1315	-8.976887	▁ج
1316	-8.977770	▁sp
1317	-8.980594	▁года
1318	-8.981034	قا
1319	-8.984308	▁п
1320	-8.984351	▁100
1321	-8.984399	天
1322	-8.984701	▁burn
1323	-8.985939	bor
1324	-8.986021	ế
1325	-8.986524	بي
1326	-8.987252	▁vo
1327	-8.987648	ida
1328	-8.987738	ure
1329	-8.989033	け
1330	-8.989311	▁ع
1331	-8.989558	▁под
1332	-8.989985	log
1333	-8.990063	度
1334	-8.991792	ard
1335	-8.992167	양
1336	-8.993054	ί
1337	-8.993096	만
1338	-8.993682	▁super
1339	-8.994317	ок
1340	-8.994872	ea
1341	-8.995650	▁represents
1342	-8.996541	르
1343	-8.997355	وق
1344	-8.998047	最
1345	-8.998406	fo
1346	-8.999162	50
1347	-8.999539	간
1348	-8.999744	▁ph
1349	-9.000937	pin
1350	-9.001186	▁any
1351	-9.002793	sel
1352	-9.003076	▁buying
1353	-9.004105	ft
1354	-9.005519	act
1355	-9.005566	stra
1356	-9.005659	使
1357	-9.005956	され
1358	-9.006141	▁ре
1359	-9.006927	وس
1360	-9.007245	▁gra
1361	-9.007541	▁ser
1362	-9.008153	ו
1363	-9.008683	happy
1364	-9.011429	era
1365	-9.011472	間
1366	-9.011521	▁وأ
1367	-9.011901	▁lit
1368	-9.012456	동
1369	-9.012478	ат
1370	-9.014290	ста
1371	-9.014563	하고
1372	-9.014828	▁j
1373	-9.015026	ido
1374	-9.015229	ले
1375	-9.015325	선
1376	-9.016650	等
1377	-9.017023	ии
1378	-9.017283	할
1379	-9.019162	ua
1380	-9.019403	▁play
1381	-9.020100	▁7
1382	-9.021115	tive
1383	-9.021301	▁ن
1384	-9.021621	tas
1385	-9.021717	nı
1386	-9.021957	▁price
1387	-9.022204	ть
1388	-9.022635	▁plus
1389	-9.022643	ら
1390	-9.023241	▁often
1391	-9.023314	bar
1392	-9.024719	тор
1393	-9.025305	▁عن
1394	-9.025499	ées
1395	-9.025548	会
1396	-9.025566	ется
1397	-9.025687	同
1398	-9.027476	ate
1399	-9.028066	▁photo
1400	-9.028706	▁city
1401	-9.028755	وم
1402	-9.028857	18
1403	-9.030234	カ
1404	-9.030673	う
1405	-9.030711	相
1406	-9.031092	8
1407	-9.032073	▁제
1408	-9.032801	▁its
1409	-9.033062	नी
1410	-9.033270	音
1411	-9.035051	▁such
1412	-9.035172	문
1413	-9.035570	▁ad
1414	-9.037218	cy
1415	-9.038376	▁कर
1416	-9.038439	ние
1417	-9.039411	وب
1418	-9.040868	ik
1419	-9.040923	mak
1420	-9.041433	pan
1421	-9.042637	mer
1422	-9.044481	30
1423	-9.045589	ته
1424	-9.046313	▁च
1425	-9.046314	ト
1426	-9.046446	▁ق
1427	-9.046858	ная
1428	-9.047050	بل
1429	-9.047116	ış
1430	-9.047492	▁light
1431	-9.047714	통
1432	-9.049177	nh
1433	-9.049552	▁ga
1434	-9.049696	▁الص
1435	-9.050299	tal
1436	-9.051221	▁주
1437	-9.051543	▁support
1438	-9.051570	▁wali
1439	-9.051630	▁bulls
1440	-9.051914	ını
1441	-9.052514	ше
1442	-9.053198	ous
1443	-9.054439	한다
1444	-9.054817	▁should
1445	-9.056308	ever
1446	-9.056973	στ
1447	-9.057067	قل
1448	-9.057534	تش
1449	-9.057888	ή
1450	-9.058196	▁а
1451	-9.058210	▁zi
1452	-9.058710	▁ci
1453	-9.060637	за
1454	-9.062098	新
1455	-9.063101	nes
1456	-9.063653	rio
1457	-9.063818	原
1458	-9.063939	나
1459	-9.065183	جر
1460	-9.065287	ий
1461	-9.066463	وج
1462	-9.066624	ect
1463	-9.068746	let
1464	-9.069499	τα
1465	-9.069816	▁mon
1466	-9.072145	ite
1467	-9.072502	代
1468	-9.072570	建
1469	-9.072776	ô
1470	-9.073061	das
1471	-9.074047	▁pas
1472	-9.075352	ियों
1473	-9.076501	▁ili
1474	-9.076771	حد
1475	-9.076951	▁15
1476	-9.076977	▁tri
1477	-9.079487	▁ge
1478	-9.082103	▁inter
1479	-9.082448	ши
1480	-9.082555	ano
1481	-9.083449	ц
1482	-9.083519	▁feel
1483	-9.083608	bra
1484	-9.084082	об
1485	-9.084166	ई
1486	-9.084780	▁8
1487	-9.085068	ту
1488	-9.085124	вер
1489	-9.085620	来
1490	-9.085848	発
1491	-9.086742	▁“
1492	-9.086764	▁sha
1493	-9.086809	duc
1494	-9.087637	期
1495	-9.089025	φ
1496	-9.089025	手
1497	-9.089437	▁أو
1498	-9.089792	▁12
1499	-9.089889	सी
1500	-9.089999	ali
1501	-9.090615	न्
1502	-9.091547	국
1503	-9.091816	!!!!
1504	-9.093462	時
1505	-9.095126	教
1506	-9.095225	구
1507	-9.095425	▁face
1508	-9.095707	には
1509	-9.095777	ari
1510	-9.095829	line
1511	-9.095874	被
1512	-9.096747	né
1513	-9.097396	▁check
1514	-9.098035	▁17
1515	-9.099115	▁아
1516	-9.099193	ement
1517	-9.099298	▁мо
1518	-9.100087	▁heart
1519	-9.100694	指
1520	-9.101390	cra
1521	-9.102039	理
1522	-9.102445	▁sal
1523	-9.102659	軍
1524	-9.102790	مي
1525	-9.103400	way
1526	-9.103507	يم
1527	-9.104113	重
1528	-9.104752	ение
1529	-9.104844	ौ
1530	-9.105825	▁shiba
1531	-9.106313	taka
1532	-9.106419	nc
1533	-9.106427	lie
1534	-9.106500	▁may
1535	-9.106525	تر
1536	-9.107033	lic
1537	-9.107388	قر
1538	-9.107553	nın
1539	-9.108186	لك
1540	-9.109111	▁ce
1541	-9.110276	mal
1542	-9.111639	▁hope
1543	-9.112373	ков
1544	-9.112677	▁move
1545	-9.113260	ान
1546	-9.113527	▁공
1547	-9.113566	ras
1548	-9.113880	平
1549	-9.115645	yı
1550	-9.117050	▁ob
1551	-9.117331	能
1552	-9.118182	▁más
1553	-9.118457	lü
1554	-9.119650	▁30
1555	-9.119825	▁bear
1556	-9.121141	ning
1557	-9.121170	▁중
1558	-9.121622	長
1559	-9.121819	▁э
1560	-9.122517	family
1561	-9.123033	”
1562	-9.123661	25
1563	-9.123744	ide
1564	-9.123856	night
1565	-9.124044	ture
1566	-9.125058	yan
1567	-9.125535	▁الش
1568	-9.125570	▁ass
1569	-9.125700	ör
1570	-9.125861	石
1571	-9.126842	▁give
1572	-9.127148	▁س
1573	-9.129379	加
1574	-9.129407	器
1575	-9.129532	ré
1576	-9.129846	▁nice
1577	-9.129888	ते
1578	-9.130934	▁hot
1579	-9.131034	cas
1580	-9.131470	ги
1581	-9.132283	世界
1582	-9.133103	▁live
1583	-9.133104	하여
1584	-9.133514	▁very
1585	-9.133604	بة
1586	-9.133713	▁हैं
1587	-9.134211	af
1588	-9.135066	nie
1589	-9.136421	се
1590	-9.136613	от
1591	-9.137634	ando
1592	-9.137836	▁उ
1593	-9.137842	در
1594	-9.138022	▁looking
1595	-9.138360	▁top
1596	-9.139424	▁holding
1597	-9.140180	▁ко
1598	-9.140219	▁з
1599	-9.142388	tour
1600	-9.142887	事
1601	-9.144703	light
1602	-9.144940	▁ou
1603	-9.146255	िया
1604	-9.146605	력
1605	-9.146620	гра
1606	-9.146981	▁old
1607	-9.147246	ах
1608	-9.147379	мо
1609	-9.147840	교
1610	-9.148355	▁사
1611	-9.148646	भ
1612	-9.148652	αν
1613	-9.149154	▁sont
1614	-9.149158	▁ina
1615	-9.150135	반
1616	-9.151091	▁hand
1617	-9.151695	ip
1618	-9.151892	ова
1619	-9.152404	당
1620	-9.152640	ph
1621	-9.153148	レ
1622	-9.153720	として
1623	-9.153859	β
1624	-9.154017	án
1625	-9.154340	▁ма
1626	-9.154566	フ
1627	-9.157380	isi
1628	-9.158622	される
1629	-9.159781	▁form
1630	-9.161477	된
1631	-9.162055	ach
1632	-9.162611	道
1633	-9.162635	น
1634	-9.164105	研究
1635	-9.164259	▁date
1636	-9.164380	▁anti
1637	-9.165267	▁mom
1638	-9.165352	▁yet
1639	-9.165534	機
1640	-9.166313	·
1641	-9.166602	▁hit
1642	-9.166743	▁baş
1643	-9.167234	ба
1644	-9.167413	▁pump
1645	-9.169414	اس
1646	-9.172261	side
1647	-9.172268	tica
1648	-9.174208	ीय
1649	-9.175184	girl
1650	-9.175331	mbo
1651	-9.175518	بع
1652	-9.176156	رك
1653	-9.176191	▁san
1654	-9.176553	yi
1655	-9.177168	트
1656	-9.177839	lé
1657	-9.178572	ire
1658	-9.178800	ions
1659	-9.178960	му
1660	-9.179476	▁win
1661	-9.180209	▁state
1662	-9.180214	▁boy
1663	-9.180970	▁fuck
1664	-9.182302	▁call
1665	-9.182352	val
1666	-9.182664	ウ
1667	-9.182668	▁bought
1668	-9.183654	room
1669	-9.184366	ham
1670	-9.185047	▁التي
1671	-9.185460	▁ने
1672	-9.185709	ue
1673	-9.186046	▁cap
1674	-9.186419	▁tomorrow
1675	-9.186419	행
1676	-9.186944	▁hard
1677	-9.187476	yle
1678	-9.187817	ное
1679	-9.188654	▁kama
1680	-9.188678	안
1681	-9.189497	tru
1682	-9.189917	ados
1683	-9.190550	▁art
1684	-9.191232	シ
1685	-9.191435	動
1686	-9.192118	iv
1687	-9.192454	三
1688	-9.192868	▁put
1689	-9.193974	ones
1690	-9.194107	anya
1691	-9.195798	使用
1692	-9.196166	ति
1693	-9.197004	次
1694	-9.197524	▁ke
1695	-9.198108	▁보
1696	-9.198114	mek
1697	-9.198220	▁finally
1698	-9.198465	ड़
1699	-9.198526	드
1700	-9.198800	ary
1701	-9.199574	▁start
1702	-9.200215	mm
1703	-9.201685	▁af
1704	-9.202363	form
1705	-9.202538	했다
1706	-9.202600	или
1707	-9.202761	之
1708	-9.202843	des
1709	-9.203465	▁इस
1710	-9.203555	▁किया
1711	-9.204111	mil
1712	-9.204264	▁around
1713	-9.204309	nder
1714	-9.204753	▁picture
1715	-9.204766	▁plan
1716	-9.205400	их
1717	-9.205422	▁г
1718	-9.206285	▁red
1719	-9.206443	▁pretty
1720	-9.206936	解
1721	-9.206936	출
1722	-9.207478	ली
1723	-9.207603	ω
1724	-9.207705	而
1725	-9.207713	▁while
1726	-9.208097	である
1727	-9.208471	요
1728	-9.209129	▁part
1729	-9.210680	า
1730	-9.210812	مو
1731	-9.211160	тер
1732	-9.211395	れ
1733	-9.212807	رت
1734	-9.213120	ps
1735	-9.213511	حا
1736	-9.214015	ward
1737	-9.214315	ил
1738	-9.214539	など
1739	-9.214644	得
1740	-9.214740	lay
1741	-9.215443	gar
1742	-9.216097	ний
1743	-9.216217	▁found
1744	-9.216482	す
1745	-9.217308	cur
1746	-9.218298	دا
1747	-9.219296	속
1748	-9.219975	ор
1749	-9.221051	lia
1750	-9.221549	发
1751	-9.221902	中国
1752	-9.222281	都
1753	-9.223020	▁9
1754	-9.224575	▁pla
1755	-9.224752	류
1756	-9.224769	▁비
1757	-9.225647	ated
1758	-9.226402	▁also
1759	-9.226527	▁연
1760	-9.227009	&
1761	-9.227626	▁고
1762	-9.228189	▁forma
1763	-9.228930	इ
1764	-9.229625	▁사용
1765	-9.229695	え
1766	-9.231195	▁50
1767	-9.231203	mor
1768	-9.231280	▁бо
1769	-9.231397	repost
1770	-9.232631	▁пере
1771	-9.233294	基
1772	-9.234708	利
1773	-9.234815	▁follow
1774	-9.234890	▁nu
1775	-9.235556	ِ
1776	-9.235837	tir
1777	-9.236427	우
1778	-9.236757	ona
1779	-9.236953	ской
1780	-9.237621	cer
1781	-9.238124	표
1782	-9.239713	ה
1783	-9.240025	до
1784	-9.241856	ngu
1785	-9.242021	元
1786	-9.242096	*
1787	-9.243266	コ
1788	-9.243628	경
1789	-9.244379	って
1790	-9.245084	▁yıl
1791	-9.245475	फ
1792	-9.245535	eri
1793	-9.245914	▁thing
1794	-9.246068	▁️#
1795	-9.246080	オ
1796	-9.246148	sema
1797	-9.246256	▁said
1798	-9.247041	▁fam
1799	-9.248925	nk
1800	-9.249097	여
1801	-9.249363	nce
1802	-9.249644	صر
1803	-9.250089	▁medium
1804	-9.250376	▁mad
1805	-9.250740	▁bad
1806	-9.252488	종
1807	-9.253551	ロ
1808	-9.254066	ジ
1809	-9.255655	▁watch
1810	-9.256073	dra
1811	-9.256514	ก
1812	-9.256824	▁است
1813	-9.257023	zu
1814	-9.257192	ec
1815	-9.257257	▁war
1816	-9.257312	▁men
1817	-9.258010	لب
1818	-9.258209	▁olarak
1819	-9.258320	سب
1820	-9.258554	ful
1821	-9.258974	▁fall
1822	-9.259101	ok
1823	-9.259336	fer
1824	-9.259851	bit
1825	-9.260360	▁guy
1826	-9.261367	▁which
1827	-9.261654	лу
1828	-9.262439	ие
1829	-9.263348	▁pays
1830	-9.264411	▁head
1831	-9.265024	ष
1832	-9.265040	▁those
1833	-9.267238	ici
1834	-9.267286	ま
1835	-9.267872	於
1836	-9.267979	▁him
1837	-9.268342	▁소
1838	-9.268413	qua
1839	-9.268689	目
1840	-9.269705	▁perfect
1841	-9.270340	▁sweet
1842	-9.270427	cal
1843	-9.270650	сп
1844	-9.270673	70
1845	-9.271229	▁girls
1846	-9.273208	pen
1847	-9.274423	型
1848	-9.274451	wedding
1849	-9.274482	صل
1850	-9.274504	gan
1851	-9.274783	▁trans
1852	-9.275555	▁hiyo
1853	-9.275808	▁party
1854	-9.276479	ать
1855	-9.277597	▁рас
1856	-9.278388	터
1857	-9.279826	row
1858	-9.279901	本
1859	-9.281046	▁looks
1860	-9.281139	▁mé
1861	-9.281186	cor
1862	-9.281841	ệ
1863	-9.281879	▁set
1864	-9.282498	ral
1865	-9.283539	का
1866	-9.284204	ל
1867	-9.284497	▁yer
1868	-9.285005	▁lot
1869	-9.285553	اق
1870	-9.285672	το
1871	-9.286113	dı
1872	-9.286471	▁भी
1873	-9.286729	▁|
1874	-9.287088	style
1875	-9.287200	▁ime
1876	-9.288225	из
1877	-9.288448	ê
1878	-9.288468	▁under
1879	-9.288510	ab
1880	-9.288727	мер
1881	-9.289454	▁во
1882	-9.290026	iques
1883	-9.290153	后
1884	-9.290913	tend
1885	-9.291267	ंग
1886	-9.291277	▁için
1887	-9.291708	面
1888	-9.292659	ム
1889	-9.292741	ley
1890	-9.292961	▁fue
1891	-9.292961	▁moon
1892	-9.293674	би
1893	-9.294852	▁الا
1894	-9.295658	▁term
1895	-9.297070	▁class
1896	-9.297736	स्त
1897	-9.298271	工
1898	-9.298504	ması
1899	-9.298727	▁ny
1900	-9.298905	في
1901	-9.299372	源
1902	-9.299889	ει
1903	-9.300330	ula
1904	-9.301031	12
1905	-9.301861	起
1906	-9.301874	▁де
1907	-9.302733	ду
1908	-9.302739	ring
1909	-9.302746	食
1910	-9.302993	▁ش
1911	-9.303585	нов
1912	-9.304010	▁green
1913	-9.304011	▁خ
1914	-9.304338	▁द
1915	-9.304412	형
1916	-9.305749	christmas
1917	-9.305787	key
1918	-9.306089	▁came
1919	-9.307335	ama
1920	-9.307520	▁pr
1921	-9.307714	тов
1922	-9.307792	민
1923	-9.308331	▁fr
1924	-9.308462	ё
1925	-9.309335	सा
1926	-9.311299	وز
1927	-9.311702	역
1928	-9.312035	金
1929	-9.313210	يو
1930	-9.313667	ר
1931	-9.313727	입
1932	-9.313777	▁والم
1933	-9.313908	ığı
1934	-9.315186	رو
1935	-9.315501	反
1936	-9.315531	하였다
1937	-9.316240	▁coin
1938	-9.316679	rica
1939	-9.317092	▁few
1940	-9.317122	▁use
1941	-9.317210	실
1942	-9.318071	타
1943	-9.319240	▁wake
1944	-9.320649	ブ
1945	-9.321040	▁close
1946	-9.321559	▁%
1947	-9.322029	80
1948	-9.322371	▁already
1949	-9.322386	adas
1950	-9.323107	▁인
1951	-9.323565	15
1952	-9.323693	系
1953	-9.324343	бы
1954	-9.326528	▁大
1955	-9.326539	nde
1956	-9.327090	全
1957	-9.327269	形
1958	-9.327509	▁sign
1959	-9.328074	ión
1960	-9.329243	▁bit
1961	-9.329421	miami
1962	-9.330541	त्र
1963	-9.331191	▁everything
1964	-9.331222	▁시
1965	-9.331453	▁pic
1966	-9.331810	▁point
1967	-9.331877	テ
1968	-9.331892	ры
1969	-9.333528	작
1970	-9.334194	め
1971	-9.335382	ель
1972	-9.335899	▁16
1973	-9.336329	▁entre
1974	-9.337064	pt
1975	-9.337425	공
1976	-9.338617	iva
1977	-9.338846	▁view
1978	-9.339358	▁wame
1979	-9.339755	ร
1980	-9.339755	호
1981	-9.339756	東
1982	-9.340206	▁il
1983	-9.340295	区
1984	-9.340327	ries
1985	-9.340450	▁making
1986	-9.340696	ции
1987	-9.341117	▁gö
1988	-9.341371	uni
1989	-9.342053	▁न
1990	-9.342393	▁sunday
1991	-9.342678	ном
1992	-9.342887	cos
1993	-9.343268	군
1994	-9.345011	비
1995	-9.345839	▁kum
1996	-9.346011	घ
1997	-9.346335	▁π
1998	-9.346992	gree
1999	-9.347154	xi
2000	-9.347344	▁40
2001	-9.347493	▁stay
2002	-9.349140	mat
2003	-9.349164	▁जा
2004	-9.349449	ию
2005	-9.350287	▁rec
2006	-9.350826	ых
2007	-9.351094	회
2008	-9.351605	ness
2009	-9.351832	ship
2010	-9.351958	古
2011	-9.352027	pon
2012	-9.352891	▁olan
2013	-9.353209	11
2014	-9.353451	其
2015	-9.353569	式
2016	-9.353688	تها
2017	-9.353835	run
2018	-9.354130	들
2019	-9.354333	you
2020	-9.354581	pic
2021	-9.355536	си
2022	-9.355663	与
2023	-9.356258	▁lu
2024	-9.356512	бе
2025	-9.356779	▁low
2026	-9.357291	질
2027	-9.358319	▁strong
2028	-9.358571	▁وم
2029	-9.359118	лен
2030	-9.359136	▁وي
2031	-9.359156	▁drop
2032	-9.359545	▁beach
2033	-9.360454	سل
2034	-9.360870	los
2035	-9.360923	ство
2036	-9.361188	ني
2037	-9.361192	çe
2038	-9.361279	▁나
2039	-9.361299	人口
2040	-9.361466	▁फ
2041	-9.361628	com
2042	-9.361989	90
2043	-9.362778	til
2044	-9.362850	يت
2045	-9.363583	▁الر
2046	-9.363894	▁free
2047	-9.364099	▁व
2048	-9.364390	▁met
2049	-9.365451	ая
2050	-9.365511	อ
2051	-9.366559	ओं
2052	-9.367490	ou
2053	-9.367563	ngo
2054	-9.369118	知
2055	-9.369873	▁tell
2056	-9.371510	tbt
2057	-9.371756	بت
2058	-9.372059	신
2059	-9.372415	थ
2060	-9.372708	차
2061	-9.373451	▁chart
2062	-9.374246	▁بين
2063	-9.374375	及
2064	-9.374434	use
2065	-9.374808	▁sure
2066	-9.375500	ос
2067	-9.376028	new
2068	-9.376313	fla
2069	-9.376579	يين
2070	-9.377272	음
2071	-9.377539	▁sc
2072	-9.377903	▁bel
2073	-9.378398	ible
2074	-9.378456	▁since
2075	-9.379098	ठ
2076	-9.379098	向
2077	-9.379121	br
2078	-9.381371	liği
2079	-9.382208	कर
2080	-9.382821	lip
2081	-9.383813	▁등
2082	-9.383884	work
2083	-9.384586	当
2084	-9.385226	app
2085	-9.385467	▁ok
2086	-9.385750	▁open
2087	-9.386089	▁friday
2088	-9.386275	▁해
2089	-9.386432	ix
2090	-9.386697	ima
2091	-9.386802	lığı
2092	-9.387406	▁own
2093	-9.387919	▁200
2094	-9.389181	少
2095	-9.390130	द्
2096	-9.390480	▁자
2097	-9.390821	town
2098	-9.390961	▁until
2099	-9.391183	by
2100	-9.391850	ef
2101	-9.391949	称
2102	-9.392105	asi
2103	-9.392325	ün
2104	-9.392362	▁조
2105	-9.392399	表
2106	-9.392865	travel
2107	-9.393358	▁상
2108	-9.393600	▁ile
2109	-9.393723	ille
2110	-9.393798	▁through
2111	-9.394147	vin
2112	-9.394708	roll
2113	-9.394726	河
2114	-9.394760	▁nothing
2115	-9.395651	~
2116	-9.395765	▁राज्य
2117	-9.396578	토
2118	-9.396712	vers
2119	-9.397285	anda
2120	-9.397504	gram
2121	-9.397507	ב
2122	-9.397664	ının
2123	-9.399366	ナ
2124	-9.399603	ple
2125	-9.399784	це
2126	-9.400291	크
2127	-9.400573	유
2128	-9.400880	ère
2129	-9.401229	되었다
2130	-9.401907	iş
2131	-9.402232	▁11
2132	-9.403095	▁serikali
2133	-9.403421	ну
2134	-9.404396	▁cool
2135	-9.405498	ında
2136	-9.407520	▁пред
2137	-9.407755	▁same
2138	-9.409661	ên
2139	-9.410029	▁stock
2140	-9.410101	こと
2141	-9.410519	王
2142	-9.411511	ύ
2143	-9.412066	▁bra
2144	-9.412395	ica
2145	-9.413086	タ
2146	-9.413766	clo
2147	-9.413886	▁nh
2148	-9.414262	amba
2149	-9.414328	▁श
2150	-9.416261	受
2151	-9.416988	土
2152	-9.417037	▁min
2153	-9.417208	点
2154	-9.417243	ento
2155	-9.417621	▁rais
2156	-9.417918	▁ا
2157	-9.418178	ä
2158	-9.418694	दा
2159	-9.419105	改
2160	-9.420643	rie
2161	-9.422086	مت
2162	-9.422908	斯
2163	-9.423383	تا
2164	-9.428635	재
2165	-9.428643	▁القرن
2166	-9.429047	van
2167	-9.429288	inin
2168	-9.430469	رات
2169	-9.432045	quot
2170	-9.433404	uz
2171	-9.433801	tch
2172	-9.433835	آ
2173	-9.433891	ishwa
2174	-9.434086	通
2175	-9.434749	вы
2176	-9.435907	▁waiting
2177	-9.436086	적인
2178	-9.436205	由
2179	-9.436632	ؤ
2180	-9.437512	▁thought
2181	-9.437684	жа
2182	-9.438159	insta
2183	-9.438271	ả
2184	-9.438274	▁oluş
2185	-9.438358	tif
2186	-9.438785	kill
2187	-9.439103	she
2188	-9.439272	रो
2189	-9.439655	▁تق
2190	-9.440217	▁something
2191	-9.441177	▁büyük
2192	-9.441295	▁act
2193	-9.441302	▁god
2194	-9.441457	вен
2195	-9.441816	ें
2196	-9.441936	적으로
2197	-9.441967	22
2198	-9.441985	市
2199	-9.442122	▁summer
2200	-9.442148	▁क्षेत्र
2201	-9.442508	ür
2202	-9.442919	bro
2203	-9.443244	▁rest
2204	-9.443703	ارة
2205	-9.443754	mış
2206	-9.443861	كا
2207	-9.443875	kiwa
2208	-9.444084	日本
2209	-9.444098	▁early
2210	-9.444194	ँ
2211	-9.444359	ão
2212	-9.445066	ニ
2213	-9.445857	▁dec
2214	-9.445957	朝
2215	-9.446041	월
2216	-9.446440	كو
2217	-9.446519	▁dump
2218	-9.446955	世
2219	-9.447882	时
2220	-9.448472	조
2221	-9.448789	فت
2222	-9.448867	▁kazi
2223	-9.448996	▁full
2224	-9.449201	▁jo
2225	-9.449233	aba
2226	-9.449504	▁동
2227	-9.449645	▁nchi
2228	-9.449836	近
2229	-9.450381	ских
2230	-9.450707	▁aki
2231	-9.451909	▁bottom
2232	-9.452050	organ
2233	-9.452451	ambi
2234	-9.452538	▁grand
2235	-9.452709	▁cute
2236	-9.453422	ino
2237	-9.453740	mos
2238	-9.453985	▁help
2239	-9.454042	▁leg
2240	-9.455136	▁load
2241	-9.455483	beach
2242	-9.455853	▁모
2243	-9.456690	حت
2244	-9.457022	▁ф
2245	-9.457367	اط
2246	-9.457582	ding
2247	-9.457776	합
2248	-9.459867	ish
2249	-9.460090	している
2250	-9.460238	وف
2251	-9.461447	보
2252	-9.461465	▁kal
2253	-9.461537	▁ह
2254	-9.463476	ными
2255	-9.463552	取
2256	-9.464087	▁그
2257	-9.464622	dio
2258	-9.465736	▁kwenye
2259	-9.466073	▁orta
2260	-9.466203	▁dinner
2261	-9.466626	▁cl
2262	-9.466731	キ
2263	-9.466732	線
2264	-9.467426	▁па
2265	-9.467596	ке
2266	-9.467840	جا
2267	-9.468512	▁fin
2268	-9.470405	our
2269	-9.471661	ар
2270	-9.471804	bb
2271	-9.472838	çi
2272	-9.472910	わ
2273	-9.473431	yu
2274	-9.473453	graph
2275	-9.474089	▁करने
2276	-9.474189	larda
2277	-9.474968	table
2278	-9.475733	州
2279	-9.475733	種
2280	-9.476532	▁일
2281	-9.476641	素
2282	-9.476738	放
2283	-9.476832	▁believe
2284	-9.477388	政
2285	-9.477595	▁ان
2286	-9.477717	▁су
2287	-9.477801	eve
2288	-9.478185	▁turn
2289	-9.478585	tik
2290	-9.478925	lara
2291	-9.478993	▁ख
2292	-9.479510	une
2293	-9.479637	共
2294	-9.480121	분
2295	-9.480766	배
2296	-9.480768	任
2297	-9.480853	دو
2298	-9.481228	▁لم
2299	-9.481485	pre
2300	-9.481516	من
2301	-9.482367	▁ten
2302	-9.482788	族
2303	-9.483574	лет
2304	-9.483800	十
2305	-9.483801	書
2306	-9.483868	iste
2307	-9.483977	fro
2308	-9.484791	み
2309	-9.485600	▁mag
2310	-9.485954	500
2311	-9.486310	▁gu
2312	-9.486348	▁пре
2313	-9.486788	ند
2314	-9.488876	금
2315	-9.488877	チ
2316	-9.489620	tel
2317	-9.489894	เ
2318	-9.490917	▁please
2319	-9.491287	ade
2320	-9.491573	zwa
2321	-9.491855	常
2322	-9.491937	路
2323	-9.492058	kana
2324	-9.492678	▁fire
2325	-9.493630	حل
2326	-9.493856	▁having
2327	-9.494052	lor
2328	-9.494169	rap
2329	-9.494372	ute
2330	-9.494710	علم
2331	-9.495316	▁avec
2332	-9.495422	에는
2333	-9.495481	17
2334	-9.495488	ッ
2335	-9.496213	▁سنة
2336	-9.496717	her
2337	-9.496996	接
2338	-9.497046	urs
2339	-9.497656	ón
2340	-9.497804	▁gen
2341	-9.498285	dic
2342	-9.498596	▁pay
2343	-9.498679	▁cho
2344	-9.499339	ical
2345	-9.499634	read
2346	-9.500861	마
2347	-9.501029	प्
2348	-9.501290	▁sec
2349	-9.501573	▁kar
2350	-9.501639	ally
2351	-9.502209	▁trying
2352	-9.502481	ishi
2353	-9.503062	開
2354	-9.503113	▁+
2355	-9.503228	▁yesterday
2356	-9.503229	光
2357	-9.503327	▁bullish
2358	-9.503695	▁mwaka
2359	-9.503735	nge
2360	-9.504261	率
2361	-9.504688	▁pass
2362	-9.505235	good
2363	-9.506332	格
2364	-9.506356	▁moment
2365	-9.506700	▁vya
2366	-9.507367	ố
2367	-9.507534	게
2368	-9.507758	▁comme
2369	-9.507902	▁पा
2370	-9.508545	حر
2371	-9.508564	▁ما
2372	-9.508582	▁bull
2373	-9.508698	hair
2374	-9.508859	uli
2375	-9.509225	anza
2376	-9.509248	▁dad
2377	-9.509515	主要
2378	-9.510139	action
2379	-9.510484	军
2380	-9.511192	zy
2381	-9.511239	파
2382	-9.511918	gra
2383	-9.512557	記
2384	-9.512565	集
2385	-9.512619	bon
2386	-9.513553	持
2387	-9.514609	ez
2388	-9.514738	shop
2389	-9.515097	ания
2390	-9.516058	وح
2391	-9.516626	▁cause
2392	-9.516926	ros
2393	-9.517216	lit
2394	-9.517829	رق
2395	-9.517945	ey
2396	-9.518533	нии
2397	-9.519513	miş
2398	-9.519887	권
2399	-9.520401	ağı
2400	-9.521130	kin
2401	-9.521937	▁main
2402	-9.522256	▁school
2403	-9.522370	▁rock
2404	-9.523137	uk
2405	-9.523389	tique
2406	-9.523870	▁hair
2407	-9.524096	パ
2408	-9.524587	▁부
2409	-9.525148	省
2410	-9.525787	▁uta
2411	-9.526100	q
2412	-9.526149	пу
2413	-9.526927	али
2414	-9.527109	قة
2415	-9.527354	μα
2416	-9.527358	ार
2417	-9.528207	ную
2418	-9.528327	uv
2419	-9.529371	太
2420	-9.529520	emp
2421	-9.529616	ского
2422	-9.529785	od
2423	-9.530075	eur
2424	-9.530151	yen
2425	-9.530292	han
2426	-9.530654	▁acc
2427	-9.531503	メ
2428	-9.532249	▁wish
2429	-9.532571	chicago
2430	-9.532958	end
2431	-9.532990	dance
2432	-9.533479	▁hasta
2433	-9.533706	cl
2434	-9.534094	되
2435	-9.534483	▁cr
2436	-9.534571	ת
2437	-9.534832	▁국
2438	-9.535129	▁kuji
2439	-9.535377	vis
2440	-9.535518	후
2441	-9.535760	ง
2442	-9.535762	至
2443	-9.535905	言語
2444	-9.536067	zz
2445	-9.536471	▁भ
2446	-9.536646	▁million
2447	-9.536940	▁관
2448	-9.537291	생
2449	-9.537456	▁water
2450	-9.537774	▁die
2451	-9.537874	छ
2452	-9.537882	설
2453	-9.537896	ダ
2454	-9.537945	cou
2455	-9.538018	gue
2456	-9.538383	cc
2457	-9.538748	bla
2458	-9.539891	▁gel
2459	-9.539912	▁camp
2460	-9.539936	ier
2461	-9.540083	его
2462	-9.540184	▁для
2463	-9.540453	dog
2464	-9.540464	ende
2465	-9.540993	因
2466	-9.541718	round
2467	-9.541983	َ
2468	-9.542183	回
2469	-9.542868	طر
2470	-9.543236	気
2471	-9.544216	見
2472	-9.544283	二
2473	-9.544332	個
2474	-9.544922	▁didn
2475	-9.545279	▁تع
2476	-9.546110	تو
2477	-9.546329	ск
2478	-9.546908	tır
2479	-9.547303	hit
2480	-9.548152	ban
2481	-9.548564	▁ask
2482	-9.548844	▁dream
2483	-9.549231	▁kh
2484	-9.549333	rate
2485	-9.549535	▁together
2486	-9.549730	▁hali
2487	-9.550530	ого
2488	-9.550845	▁tuna
2489	-9.550905	يس
2490	-9.550929	▁goes
2491	-9.551291	23
2492	-9.551513	▁जो
2493	-9.551891	低
2494	-9.552157	ub
2495	-9.552876	lf
2496	-9.552931	food
2497	-9.553047	▁pra
2498	-9.554061	空
2499	-9.554338	▁무
2500	-9.555067	tivo
2501	-9.555302	ам
2502	-9.556291	ён
2503	-9.556524	▁thankful
2504	-9.556642	▁pen
2505	-9.556659	세
2506	-9.557324	ม
2507	-9.557423	▁future
2508	-9.558011	cri
2509	-9.558475	ğu
2510	-9.559120	▁pré
2511	-9.559124	▁sister
2512	-9.559623	▁основ
2513	-9.560410	▁coins
2514	-9.560433	ugh
2515	-9.560728	단
2516	-9.560742	mento
2517	-9.561021	데
2518	-9.561212	ece
2519	-9.561505	▁persona
2520	-9.561978	治
2521	-9.562223	bri
2522	-9.562638	可
2523	-9.563862	▁هي
2524	-9.564349	▁sin
2525	-9.564587	グ
2526	-9.564983	ק
2527	-9.565225	▁things
2528	-9.566555	arı
2529	-9.566773	dü
2530	-9.567170	比
2531	-9.567383	ую
2532	-9.568081	さ
2533	-9.568198	正
2534	-9.568283	려
2535	-9.568551	▁doing
2536	-9.568780	▁merry
2537	-9.568874	фе
2538	-9.569269	▁لت
2539	-9.569323	법
2540	-9.570022	गा
2541	-9.570039	포
2542	-9.570364	not
2543	-9.570946	के
2544	-9.570955	▁발
2545	-9.571594	임
2546	-9.571954	coin
2547	-9.572929	▁bio
2548	-9.573746	ский
2549	-9.573812	ador
2550	-9.574054	▁york
2551	-9.574293	نو
2552	-9.574492	니
2553	-9.574656	ить
2554	-9.575702	ça
2555	-9.576573	▁yes
2556	-9.577333	政府
2557	-9.578299	▁लिए
2558	-9.578855	get
2559	-9.579092	يف
2560	-9.579303	각
2561	-9.579350	جل
2562	-9.579365	半
2563	-9.579459	▁taking
2564	-9.580232	▁var
2565	-9.580369	riv
2566	-9.580480	與
2567	-9.581262	disney
2568	-9.581558	body
2569	-9.581887	▁العالم
2570	-9.582687	▁ö
2571	-9.583263	▁wow
2572	-9.584225	ram
2573	-9.584815	مثل
2574	-9.585540	▁happen
2575	-9.586334	зи
2576	-9.588318	結
2577	-9.588653	fil
2578	-9.588706	▁house
2579	-9.588830	▁تم
2580	-9.588895	▁month
2581	-9.588899	▁har
2582	-9.590126	▁food
2583	-9.590389	ает
2584	-9.591076	▁rich
2585	-9.591644	▁स्
2586	-9.591841	america
2587	-9.591862	▁human
2588	-9.591969	もの
2589	-9.592635	ale
2590	-9.592721	▁hey
2591	-9.592823	或
2592	-9.592824	레
2593	-9.594446	भा
2594	-9.594537	वे
2595	-9.594576	▁eth
2596	-9.594893	品
2597	-9.595353	ium
2598	-9.595430	▁far
2599	-9.595578	ша
2600	-9.596587	َّ
2601	-9.598197	▁신
2602	-9.598812	sal
2603	-9.599196	ville
2604	-9.600257	जी
2605	-9.600715	▁vol
2606	-9.600971	fin
2607	-9.601723	字
2608	-9.601900	א
2609	-9.601982	▁feeling
2610	-9.602890	▁sun
2611	-9.602997	ου
2612	-9.603041	という
2613	-9.603447	▁ban
2614	-9.603460	14
2615	-9.603605	▁분
2616	-9.603653	vid
2617	-9.603944	रण
2618	-9.604477	▁team
2619	-9.605038	▁selling
2620	-9.605165	방
2621	-9.605343	▁geç
2622	-9.605350	▁kwamba
2623	-9.605728	اه
2624	-9.606118	的な
2625	-9.606238	造
2626	-9.606480	▁crazy
2627	-9.606875	lake
2628	-9.607380	進
2629	-9.607430	mani
2630	-9.607624	beauty
2631	-9.607734	मान
2632	-9.608261	▁siku
2633	-9.608762	》
2634	-9.609327	?!
2635	-9.609618	▁done
2636	-9.610452	▁holiday
2637	-9.610463	▁prop
2638	-9.610470	▁program
2639	-9.610506	music
2640	-9.611520	▁visit
2641	-9.611814	дер
2642	-9.612235	ία
2643	-9.612442	13
2644	-9.612721	don
2645	-9.613193	воз
2646	-9.613494	▁sol
2647	-9.614862	मी
2648	-9.614884	vent
2649	-9.614927	▁ago
2650	-9.615669	《
2651	-9.615981	▁بعد
2652	-9.616842	▁тон
2653	-9.617030	▁नि
2654	-9.617089	▁14
2655	-9.617455	▁13
2656	-9.617629	uka
2657	-9.617984	ミ
2658	-9.618094	▁guess
2659	-9.620119	▁trip
2660	-9.620302	건
2661	-9.620446	▁сред
2662	-9.621384	交
2663	-9.621464	體
2664	-9.623016	發
2665	-9.623196	▁sana
2666	-9.624813	▁won
2667	-9.625712	сс
2668	-9.625955	î
2669	-9.627217	야
2670	-9.628334	▁то
2671	-9.628654	▁find
2672	-9.629289	wh
2673	-9.629669	ус
2674	-9.630091	▁מ
2675	-9.630595	ong
2676	-9.630758	▁кон
2677	-9.630803	항
2678	-9.630866	??
2679	-9.632505	ские
2680	-9.632777	اص
2681	-9.633171	nun
2682	-9.633492	cial
2683	-9.633636	ants
2684	-9.633994	也
2685	-9.634873	qu
2686	-9.634988	その
2687	-9.635150	unda
2688	-9.635508	长
2689	-9.635962	عت
2690	-9.637077	كر
2691	-9.637596	▁ume
2692	-9.637648	▁luck
2693	-9.637745	業
2694	-9.637866	약
2695	-9.638285	▁الذي
2696	-9.639397	وت
2697	-9.639649	ura
2698	-9.640584	rry
2699	-9.640649	▁الو
2700	-9.641033	▁months
2701	-9.641414	كان
2702	-9.641417	ש
2703	-9.641417	德
2704	-9.641608	ния
2705	-9.641783	يوم
2706	-9.642051	バ
2707	-9.642517	他
2708	-9.642643	مد
2709	-9.642827	国家
2710	-9.643352	mic
2711	-9.643433	ят
2712	-9.643710	城
2713	-9.643745	증
2714	-9.643831	▁change
2715	-9.643940	▁proud
2716	-9.644259	park
2717	-9.644664	like
2718	-9.644979	▁सबसे
2719	-9.645351	street
2720	-9.645538	spring
2721	-9.645585	نة
2722	-9.645762	mé
2723	-9.646091	信
2724	-9.646140	▁av
2725	-9.646171	열
2726	-9.646316	▁يت
2727	-9.646721	par
2728	-9.647134	rá
2729	-9.647440	yum
2730	-9.647477	ир
2731	-9.648108	part
2732	-9.648555	ę
2733	-9.648556	ล
2734	-9.648917	▁anyone
2735	-9.649751	約
2736	-9.650019	kan
2737	-9.650259	са
2738	-9.651000	35
2739	-9.651101	pata
2740	-9.651621	oloji
2741	-9.651767	▁개
2742	-9.652108	ría
2743	-9.652164	▁yapı
2744	-9.652292	28
2745	-9.652547	जन
2746	-9.653248	▁someone
2747	-9.653323	▁सा
2748	-9.653328	病
2749	-9.653449	▁선
2750	-9.653504	▁pat
2751	-9.653633	kia
2752	-9.654419	程
2753	-9.654543	래
2754	-9.656236	類
2755	-9.656554	lation
2756	-9.656736	2015
2757	-9.657007	▁video
2758	-9.658097	40
2759	-9.658330	▁यह
2760	-9.659044	ière
2761	-9.659360	エ
2762	-9.659384	▁auto
2763	-9.659451	فة
2764	-9.660882	قت
2765	-9.661211	ung
2766	-9.661394	▁pop
2767	-9.661747	动
2768	-9.661849	▁awesome
2769	-9.661906	ник
2770	-9.662705	▁️...
2771	-9.662819	ाई
2772	-9.662988	島
2773	-9.662989	▁remember
2774	-9.663243	▁तक
2775	-9.663332	관
2776	-9.663380	ρα
2777	-9.664823	стр
2778	-9.664970	▁ilk
2779	-9.665413	料
2780	-9.666293	tó
2781	-9.666472	▁nchini
2782	-9.666627	モ
2783	-9.666727	sunset
2784	-9.667338	lma
2785	-9.667593	har
2786	-9.667901	▁रूप
2787	-9.668281	▁서
2788	-9.668900	live
2789	-9.669350	بات
2790	-9.669974	45
2791	-9.670263	保
2792	-9.670610	ней
2793	-9.670686	▁star
2794	-9.670897	طة
2795	-9.671059	खा
2796	-9.671467	▁مت
2797	-9.671657	▁gold
2798	-9.672724	업
2799	-9.673344	thi
2800	-9.673967	ев
2801	-9.674541	サ
2802	-9.675176	ว
2803	-9.675176	無
2804	-9.675282	▁park
2805	-9.675474	▁glad
2806	-9.675974	▁sasa
2807	-9.676264	ив
2808	-9.676270	置
2809	-9.677921	eza
2810	-9.678083	▁اله
2811	-9.678978	ient
2812	-9.680052	зы
2813	-9.680094	各
2814	-9.680094	四
2815	-9.680156	設
2816	-9.680310	▁col
2817	-9.682908	▁present
2818	-9.682944	rid
2819	-9.682951	▁오
2820	-9.684466	лов
2821	-9.684563	ている
2822	-9.685035	coffee
2823	-9.685122	▁что
2824	-9.686263	実
2825	-9.686299	▁walk
2826	-9.686776	▁hat
2827	-9.686780	ел
2828	-9.687041	ân
2829	-9.687345	場
2830	-9.687515	並
2831	-9.687567	team
2832	-9.687646	ность
2833	-9.688380	iri
2834	-9.688539	lerde
2835	-9.688698	領
2836	-9.689119	larında
2837	-9.689686	▁sus
2838	-9.689886	お
2839	-9.690000	県
2840	-9.690309	2017
2841	-9.690541	▁मि
2842	-9.691085	met
2843	-9.691225	결
2844	-9.691245	色
2845	-9.692199	cı
2846	-9.692492	非
2847	-9.692493	白
2848	-9.692702	product
2849	-9.693363	yor
2850	-9.693861	▁yake
2851	-9.694792	ienne
2852	-9.695101	▁lmao
2853	-9.695415	▁ис
2854	-9.696198	три
2855	-9.696420	▁small
2856	-9.696897	اني
2857	-9.697062	uf
2858	-9.697067	now
2859	-9.697569	▁gr
2860	-9.697805	fit
2861	-9.698352	오
2862	-9.698480	들은
2863	-9.698923	27
2864	-9.698981	die
2865	-9.699221	ый
2866	-9.699861	▁might
2867	-9.699995	意
2868	-9.700110	its
2869	-9.700840	self
2870	-9.701030	▁enjoy
2871	-9.701263	ハ
2872	-9.701264	引
2873	-9.702523	对
2874	-9.703782	ấ
2875	-9.703784	두
2876	-9.704131	▁mtu
2877	-9.704288	▁tree
2878	-9.704562	▁الخ
2879	-9.705050	california
2880	-9.705462	ット
2881	-9.705492	▁late
2882	-9.705528	▁mill
2883	-9.705586	ét
2884	-9.705732	dar
2885	-9.705766	कार
2886	-9.706312	核
2887	-9.706567	้
2888	-9.706888	▁ay
2889	-9.707138	▁भाषा
2890	-9.707438	вой
2891	-9.708252	▁sold
2892	-9.708532	▁bring
2893	-9.710114	▁excited
2894	-9.711329	▁eat
2895	-9.711528	▁لا
2896	-9.711533	nia
2897	-9.711965	dress
2898	-9.712656	직
2899	-9.712825	gua
2900	-9.713172	▁cer
2901	-9.713661	▁pl
2902	-9.713930	פ
2903	-9.715540	ña
2904	-9.715569	▁alisema
2905	-9.716007	▁temp
2906	-9.716039	▁power
2907	-9.717045	حة
2908	-9.718793	▁kan
2909	-9.719042	온
2910	-9.719495	▁المن
2911	-9.719607	cio
2912	-9.719812	dh
2913	-9.720325	种
2914	-9.720684	▁sch
2915	-9.720883	▁took
2916	-9.720956	▁بن
2917	-9.721518	▁как
2918	-9.721710	city
2919	-9.721822	▁mus
2920	-9.722311	質
2921	-9.722901	▁almost
2922	-9.723388	eau
2923	-9.724627	▁bag
2924	-9.724856	гла
2925	-9.725164	科
2926	-9.725527	▁past
2927	-9.726377	▁season
2928	-9.726439	ива
2929	-9.726761	温
2930	-9.726831	29
2931	-9.726966	ोल
2932	-9.728051	ח
2933	-9.728522	▁side
2934	-9.728737	???
2935	-9.729154	त्
2936	-9.729386	blessed
2937	-9.729584	uma
2938	-9.730021	ком
2939	-9.730452	arch
2940	-9.730639	列
2941	-9.730658	世紀
2942	-9.731055	▁music
2943	-9.731934	个
2944	-9.732091	лись
2945	-9.732574	▁boys
2946	-9.732877	ек
2947	-9.733247	ray
2948	-9.733997	فق
2949	-9.734288	dri
2950	-9.734464	ंड
2951	-9.734900	▁kişi
2952	-9.734922	▁مس
2953	-9.735482	top
2954	-9.735840	米
2955	-9.736431	ration
2956	-9.736448	ıyla
2957	-9.736977	▁cro
2958	-9.737143	photography
2959	-9.737143	ั
2960	-9.737245	back
2961	-9.737411	▁ça
2962	-9.739368	iye
2963	-9.739476	▁went
2964	-9.739755	복
2965	-9.739813	summer
2966	-9.740002	ности
2967	-9.740329	سر
2968	-9.740652	weza
2969	-9.741211	+
2970	-9.741406	بد
2971	-9.741741	bab
2972	-9.742244	▁shorts
2973	-9.742382	▁utiliza
2974	-9.743882	pec
2975	-9.744285	fri
2976	-9.744577	▁away
2977	-9.745010	ज़
2978	-9.745121	▁미국
2979	-9.745182	▁κ
2980	-9.745504	board
2981	-9.745958	rar
2982	-9.746082	初
2983	-9.746404	▁second
2984	-9.746529	ista
2985	-9.746844	중
2986	-9.746966	ette
2987	-9.747385	▁name
2988	-9.747632	川
2989	-9.748091	dj
2990	-9.748240	미
2991	-9.748329	bol
2992	-9.748553	域
2993	-9.749002	eux
2994	-9.749026	▁direct
2995	-9.749030	▁baada
2996	-9.750613	▁ev
2997	-9.752104	▁미
2998	-9.753144	▁mayor
2999	-9.753724	idos
3000	-9.754248	루
3001	-9.754462	▁pan
3002	-9.754473	▁left
3003	-9.754794	▁الأم
3004	-9.755482	▁shot
3005	-9.755636	gun
3006	-9.755828	▁alan
3007	-9.756049	▁المع
3008	-9.756374	ami
3009	-9.756665	▁monday
3010	-9.756725	toa
3011	-9.756880	會
3012	-9.756906	량
3013	-9.757503	▁arm
3014	-9.757795	э
3015	-9.757990	design
3016	-9.757992	プ
3017	-9.758128	論
3018	-9.758239	によって
3019	-9.759384	ав
3020	-9.759659	हा
3021	-9.760287	▁và
3022	-9.760355	ongo
3023	-9.760906	変
3024	-9.761271	oo
3025	-9.761580	ác
3026	-9.761621	▁walio
3027	-9.762242	ể
3028	-9.762563	▁parti
3029	-9.763193	26
3030	-9.763537	ца
3031	-9.763577	daki
3032	-9.763581	ס
3033	-9.764100	ense
3034	-9.764225	▁hands
3035	-9.764394	phone
3036	-9.764445	ons
3037	-9.764911	–
3038	-9.766266	东
3039	-9.766923	▁does
3040	-9.766935	ası
3041	-9.767156	▁total
3042	-9.767438	hal
3043	-9.767608	점
3044	-9.767646	▁gar
3045	-9.768159	cket
3046	-9.768512	old
3047	-9.768829	char
3048	-9.768879	▁saturday
3049	-9.769150	hus
3050	-9.770452	▁natural
3051	-9.771376	▁बा
3052	-9.771599	▁hawa
3053	-9.771955	하기
3054	-9.771977	لم
3055	-9.772369	▁kid
3056	-9.773003	拉
3057	-9.774484	▁不
3058	-9.775084	▁ос
3059	-9.776104	حق
3060	-9.776519	liza
3061	-9.776993	直
3062	-9.777039	▁air
3063	-9.778181	çı
3064	-9.778267	▁lunch
3065	-9.778426	외
3066	-9.779190	▁crea
3067	-9.779786	火
3068	-9.780018	▁हो
3069	-9.780085	тельно
3070	-9.780198	내
3071	-9.781017	▁doesn
3072	-9.781149	▁नहीं
3073	-9.783624	tail
3074	-9.783719	개
3075	-9.783990	▁damn
3076	-9.784706	πο
3077	-9.785248	å
3078	-9.785248	連
3079	-9.785702	lement
3080	-9.785749	east
3081	-9.786012	fl
3082	-9.786063	▁alt
3083	-9.786065	nic
3084	-9.786141	tür
3085	-9.786283	▁esta
3086	-9.786523	▁방
3087	-9.786677	ney
3088	-9.787108	▁tan
3089	-9.787390	言
3090	-9.787571	vel
3091	-9.787998	fashion
3092	-9.788154	صف
3093	-9.788712	lon
3094	-9.789006	blo
3095	-9.789200	▁단
3096	-9.789365	林
3097	-9.790392	거
3098	-9.790699	프
3099	-9.791514	ort
3100	-9.792116	▁кожи
3101	-9.792465	تل
3102	-9.793494	占
3103	-9.793495	兵
3104	-9.793496	官
3105	-9.793496	強
3106	-9.793743	▁spend
3107	-9.793974	▁देश
3108	-9.794519	▁cal
3109	-9.794811	يك
3110	-9.794855	戦
3111	-9.795417	▁알
3112	-9.795885	▁bri
3113	-9.795938	mıştır
3114	-9.796259	ด
3115	-9.796530	▁without
3116	-9.797163	▁пер
3117	-9.797475	ды
3118	-9.797621	▁both
3119	-9.797645	士
3120	-9.797707	press
3121	-9.797877	▁거
3122	-9.798553	▁kuru
3123	-9.798728	photo
3124	-9.799009	ضا
3125	-9.799031	추
3126	-9.799308	▁poli
3127	-9.800187	▁tho
3128	-9.800360	newyork
3129	-9.801213	nden
3130	-9.801247	▁kind
3131	-9.801804	러
3132	-9.801812	防
3133	-9.802057	▁makes
3134	-9.802374	धा
3135	-9.802547	خط
3136	-9.802670	led
3137	-9.803724	mini
3138	-9.804174	▁times
3139	-9.804219	عر
3140	-9.804444	best
3141	-9.804561	nation
3142	-9.805303	ito
3143	-9.805926	▁mer
3144	-9.805943	lea
3145	-9.806026	ут
3146	-9.806078	▁cilt
3147	-9.807294	tia
3148	-9.807585	▁hodl
3149	-9.807701	vote
3150	-9.807737	مية
3151	-9.807971	文化
3152	-9.808253	cake
3153	-9.808434	무
3154	-9.808794	ガ
3155	-9.808803	▁피부
3156	-9.809031	時代
3157	-9.809143	दी
3158	-9.809774	ating
3159	-9.809891	▁news
3160	-9.810204	▁special
3161	-9.810317	ская
3162	-9.810330	ien
3163	-9.811392	(
3164	-9.811489	ち
3165	-9.811494	美
3166	-9.811527	▁waki
3167	-9.811617	boy
3168	-9.811745	chang
3169	-9.812056	तर
3170	-9.812492	あ
3171	-9.812612	this
3172	-9.812990	命
3173	-9.813604	сть
3174	-9.813819	된다
3175	-9.814244	▁مح
3176	-9.814995	طب
3177	-9.815270	كون
3178	-9.815276	▁color
3179	-9.815355	wood
3180	-9.816381	▁mean
3181	-9.816938	▁생
3182	-9.817239	병
3183	-9.817366	▁пол
3184	-9.817454	▁mit
3185	-9.819016	عم
3186	-9.819335	▁ab
3187	-9.819775	az
3188	-9.820070	급
3189	-9.820273	كي
3190	-9.820926	ση
3191	-9.821485	adventure
3192	-9.821488	ิ
3193	-9.821706	▁large
3194	-9.823118	▁non
3195	-9.824332	別
3196	-9.824533	▁commun
3197	-9.825466	tie
3198	-9.825475	▁boo
3199	-9.825890	zar
3200	-9.827182	ネ
3201	-9.827202	ष्
3202	-9.827249	dur
3203	-9.827979	들이
3204	-9.828044	▁trade
3205	-9.828457	▁iki
3206	-9.828611	석
3207	-9.828851	dre
3208	-9.829165	▁lil
3209	-9.829477	चा
3210	-9.829945	现
3211	-9.830034	환
3212	-9.830038	감
3213	-9.830846	sini
3214	-9.831322	ため
3215	-9.831395	過
3216	-9.831528	▁shoot
3217	-9.831529	hol
3218	-9.831639	▁الشمس
3219	-9.831751	endelea
3220	-9.832145	ート
3221	-9.832211	की
3222	-9.832308	▁país
3223	-9.832603	σε
3224	-9.832681	▁تت
3225	-9.832746	فع
3226	-9.832759	اش
3227	-9.832829	house
3228	-9.833082	▁langue
3229	-9.833579	غا
3230	-9.834080	مس
3231	-9.834110	▁تس
3232	-9.834226	始
3233	-9.834346	카
3234	-9.835637	▁order
3235	-9.835784	ע
3236	-9.835790	ker
3237	-9.835836	▁army
3238	-9.837100	col
3239	-9.837923	να
3240	-9.838055	ella
3241	-9.838124	▁века
3242	-9.838445	なく
3243	-9.839094	florida
3244	-9.839181	ες
3245	-9.839330	▁cat
3246	-9.839427	▁الل
3247	-9.839724	▁piel
3248	-9.839868	▁estado
3249	-9.839869	kwa
3250	-9.840114	ד
3251	-9.841916	▁قبل
3252	-9.842649	ismo
3253	-9.842898	되는
3254	-9.843012	气
3255	-9.844394	rat
3256	-9.844461	例
3257	-9.844461	료
3258	-9.844462	果
3259	-9.844904	гу
3260	-9.845249	▁cri
3261	-9.845257	▁gotta
3262	-9.845424	hr
3263	-9.846066	▁crash
3264	-9.847405	ών
3265	-9.847577	ция
3266	-9.847743	▁test
3267	-9.848236	▁남
3268	-9.848278	ł
3269	-9.848829	達
3270	-9.850207	▁care
3271	-9.850289	酸
3272	-9.850318	▁사람
3273	-9.850456	univers
3274	-9.851187	vegas
3275	-9.851198	▁once
3276	-9.851727	▁inc
3277	-9.852514	ским
3278	-9.853059	▁rep
3279	-9.853213	権
3280	-9.853215	号
3281	-9.853215	攻
3282	-9.853216	机
3283	-9.853899	▁true
3284	-9.854256	▁ülke
3285	-9.854604	▁dog
3286	-9.854724	▁drink
3287	-9.854805	▁smile
3288	-9.855106	▁haki
3289	-9.856150	商
3290	-9.856787	▁dev
3291	-9.856955	انيا
3292	-9.857143	▁दे
3293	-9.857347	▁list
3294	-9.857620	武
3295	-9.857862	يون
3296	-9.858185	▁wakati
3297	-9.858193	haha
3298	-9.858511	部分
3299	-9.858684	with
3300	-9.859163	كل
3301	-9.859318	chu
3302	-9.859498	▁日本
3303	-9.859544	ín
3304	-9.859990	west
3305	-9.860164	lig
3306	-9.860256	stic
3307	-9.860271	▁кор
3308	-9.860561	집
3309	-9.860567	난
3310	-9.860823	ero
3311	-9.861079	▁forever
3312	-9.862044	▁있는
3313	-9.862722	لت
3314	-9.862880	dé
3315	-9.863025	▁group
3316	-9.863440	▁пла
3317	-9.863522	対
3318	-9.863652	▁구
3319	-9.863885	iendo
3320	-9.863891	▁russia
3321	-9.863952	ores
3322	-9.864041	ού
3323	-9.864550	▁fucking
3324	-9.864866	سة
3325	-9.864995	▁fly
3326	-9.865215	▁образ
3327	-9.865281	60
3328	-9.865831	ait
3329	-9.865832	נ
3330	-9.866031	eee
3331	-9.866401	▁yüz
3332	-9.866467	含
3333	-9.866490	并
3334	-9.866534	▁çok
3335	-9.866894	▁파
3336	-9.867317	▁whole
3337	-9.867561	jen
3338	-9.867974	목
3339	-9.868077	▁peau
3340	-9.868302	▁black
3341	-9.868376	▁भू
3342	-9.868888	wear
3343	-9.868893	og
3344	-9.869049	▁try
3345	-9.869365	首
3346	-9.869615	可能
3347	-9.870070	дин
3348	-9.870568	▁tiene
3349	-9.870827	▁•
3350	-9.870856	▁ride
3351	-9.870942	uku
3352	-9.871101	されている
3353	-9.871522	▁kulit
3354	-9.872237	하다
3355	-9.872271	home
3356	-9.872341	يرة
3357	-9.872566	▁number
3358	-9.873767	▁قد
3359	-9.873916	키
3360	-9.873941	波
3361	-9.873987	раз
3362	-9.874144	ック
3363	-9.874254	▁dont
3364	-9.874386	▁brother
3365	-9.874439	48
3366	-9.874591	▁yaş
3367	-9.874730	▁meet
3368	-9.874856	▁blue
3369	-9.874936	بح
3370	-9.874969	万
3371	-9.875096	▁join
3372	-9.875438	對
3373	-9.876095	▁national
3374	-9.876192	hen
3375	-9.876777	رس
3376	-9.876824	管
3377	-9.876847	安
3378	-9.877192	▁control
3379	-9.878097	يب
3380	-9.878412	▁base
3381	-9.878455	▁major
3382	-9.878777	▁working
3383	-9.878941	्स
3384	-9.879629	rac
3385	-9.879821	▁though
3386	-9.879945	派
3387	-9.880230	▁sleep
3388	-9.880270	جن
3389	-9.880583	▁pele
3390	-9.880745	▁level
3391	-9.880935	tent
3392	-9.881531	▁local
3393	-9.881884	▁2022
3394	-9.881996	سو
3395	-9.882118	▁$
3396	-9.882505	vie
3397	-9.883316	ball
3398	-9.883332	бу
3399	-9.884600	▁france
3400	-9.884738	▁ben
3401	-9.884956	▁mara
3402	-9.884980	▁मु
3403	-9.885039	teur
3404	-9.885697	glo
3405	-9.885750	▁كل
3406	-9.885963	태
3407	-9.885984	▁kufanya
3408	-9.886671	▁enough
3409	-9.887494	将
3410	-9.887495	神
3411	-9.887658	▁세계
3412	-9.887664	▁nombre
3413	-9.887856	▁tono
3414	-9.888461	▁aka
3415	-9.888545	口
3416	-9.889012	▁तथा
3417	-9.889350	rse
3418	-9.889381	▁line
3419	-9.889695	island
3420	-9.890532	▁carnagione
3421	-9.890532	▁المتحدة
3422	-9.890544	▁язык
3423	-9.890551	▁يع
3424	-9.890576	نظام
3425	-9.891157	▁tek
3426	-9.891449	▁hours
3427	-9.891452	studio
3428	-9.891663	ave
3429	-9.892055	电
3430	-9.892479	▁familia
3431	-9.892590	▁tonu
3432	-9.892991	▁micro
3433	-9.893100	ον
3434	-9.893287	club
3435	-9.893304	pel
3436	-9.893411	▁hii
3437	-9.893559	모
3438	-9.893579	코
3439	-9.893786	▁wata
3440	-9.893800	▁etki
3441	-9.893853	▁fav
3442	-9.894618	▁tea
3443	-9.894712	oso
3444	-9.895105	▁hautfarbe
3445	-9.895355	▁white
3446	-9.895618	▁az
3447	-9.895899	▁babe
3448	-9.896634	매
3449	-9.896688	▁insan
3450	-9.896731	▁años
3451	-9.897098	▁later
3452	-9.897632	▁국가
3453	-9.897783	شكل
3454	-9.897955	ill
3455	-9.898042	mber
3456	-9.898123	▁노
3457	-9.898165	ず
3458	-9.898216	▁वर्ष
3459	-9.898475	said
3460	-9.898805	▁warna
3461	-9.898950	▁bin
3462	-9.899422	▁bal
3463	-9.899705	▁worth
3464	-9.899760	▁wanao
3465	-9.899855	net
3466	-9.900440	第
3467	-9.901572	shin
3468	-9.902206	ール
3469	-9.902830	▁بلون
3470	-9.902905	▁बना
3471	-9.903462	лась
3472	-9.903851	gwa
3473	-9.903931	pping
3474	-9.904053	▁laugh
3475	-9.904201	심
3476	-9.904316	ビ
3477	-9.904316	里
3478	-9.904816	world
3479	-9.904869	лось
3480	-9.905407	ак
3481	-9.905605	▁fer
3482	-9.905787	baby
3483	-9.905859	先
3484	-9.906193	لو
3485	-9.906522	▁watching
3486	-9.907404	근
3487	-9.908938	현
3488	-9.909258	low
3489	-9.909384	try
3490	-9.909763	▁والأ
3491	-9.909966	روس
3492	-9.910285	ρι
3493	-9.910539	▁kubwa
3494	-9.910826	دار
3495	-9.910833	▁yol
3496	-9.911464	hill
3497	-9.911689	心
3498	-9.912029	▁pull
3499	-9.912032	状
3500	-9.912055	▁tanzania
3501	-9.912849	mel
3502	-9.912890	لق
3503	-9.913102	だ
3504	-9.913608	▁có
3505	-9.913805	られる
3506	-9.914491	dor
3507	-9.914753	42
3508	-9.914787	illa
3509	-9.915133	िन
3510	-9.915168	히
3511	-9.915291	植物
3512	-9.915317	▁hata
3513	-9.916297	▁hai
3514	-9.916604	▁24
3515	-9.916730	▁welcome
3516	-9.916741	santa
3517	-9.916770	▁था
3518	-9.916960	▁modern
3519	-9.917294	ürü
3520	-9.917429	▁konu
3521	-9.917601	том
3522	-9.917920	ства
3523	-9.918015	产
3524	-9.918202	年に
3525	-9.918290	받
3526	-9.918488	llo
3527	-9.918550	▁중국
3528	-9.918793	되어
3529	-9.919174	toke
3530	-9.919280	cro
3531	-9.919495	▁fait
3532	-9.919817	ώ
3533	-9.920892	▁gas
3534	-9.921319	ico
3535	-9.921332	属
3536	-9.921988	larına
3537	-9.922112	arak
3538	-9.922547	air
3539	-9.922632	▁هو
3540	-9.922994	thanksgiving
3541	-9.923427	▁american
3542	-9.923705	cru
3543	-9.923864	▁gain
3544	-9.924197	移
3545	-9.924564	超
3546	-9.924627	教育
3547	-9.924760	▁book
3548	-9.924870	ческо
3549	-9.925059	لية
3550	-9.926141	克
3551	-9.926683	▁달
3552	-9.927410	يز
3553	-9.927739	▁açık
3554	-9.927742	▁zaidi
3555	-9.928047	▁sto
3556	-9.928066	▁express
3557	-9.928334	space
3558	-9.928522	▁mother
3559	-9.928610	كة
3560	-9.928831	▁это
3561	-9.929296	ズ
3562	-9.929358	بار
3563	-9.929447	▁iliyo
3564	-9.929462	▁ladies
3565	-9.929511	▁bur
3566	-9.930840	erek
3567	-9.930879	่
3568	-9.930880	來
3569	-9.931323	▁importante
3570	-9.931461	38
3571	-9.931463	生物
3572	-9.931643	24
3573	-9.932022	ping
3574	-9.932293	21
3575	-9.933666	▁ही
3576	-9.934769	▁الث
3577	-9.934963	टी
3578	-9.935008	▁kay
3579	-9.935191	pit
3580	-9.935617	史
3581	-9.935668	▁dollar
3582	-9.935886	stre
3583	-9.935889	ву
3584	-9.936071	رج
3585	-9.936090	ró
3586	-9.936481	ाव
3587	-9.937234	▁بشرة
3588	-9.937605	▁الدول
3589	-9.937893	▁mate
3590	-9.937985	第一
3591	-9.937993	▁변
3592	-9.938353	winter
3593	-9.938698	▁rus
3594	-9.938824	염
3595	-9.938829	类
3596	-9.938844	plan
3597	-9.938845	一般
3598	-9.939085	जा
3599	-9.939207	جز
3600	-9.939232	▁parte
3601	-9.939829	▁situ
3602	-9.940426	広
3603	-9.940445	▁και
3604	-9.941442	off
3605	-9.942025	▁человек
3606	-9.942026	院
3607	-9.942028	▁सरकार
3608	-9.942106	▁missing
3609	-9.942216	▁المت
3610	-9.942275	ato
3611	-9.942735	टा
3612	-9.942924	يش
3613	-9.942924	पे
3614	-9.943277	▁else
3615	-9.943532	тра
3616	-9.944085	발
3617	-9.945210	▁seeing
3618	-9.945467	gt
3619	-9.945528	存在
3620	-9.945912	birthday
3621	-9.946323	▁lina
3622	-9.946485	▁during
3623	-9.946779	ться
3624	-9.946841	设
3625	-9.946943	uliwa
3626	-9.947030	ων
3627	-9.948151	miştir
3628	-9.948225	▁ball
3629	-9.948451	ą
3630	-9.948526	pm
3631	-9.950015	▁extra
3632	-9.950059	▁dead
3633	-9.950065	북
3634	-9.950329	are
3635	-9.950445	نية
3636	-9.950805	▁iç
3637	-9.950881	▁불
3638	-9.951191	▁내
3639	-9.951478	fresh
3640	-9.951681	陸
3641	-9.952299	culture
3642	-9.952340	sında
3643	-9.953280	业
3644	-9.953337	▁türkiye
3645	-9.953765	▁link
3646	-9.954866	开
3647	-9.954942	99
3648	-9.955062	▁job
3649	-9.955846	▁medio
3650	-9.956105	rios
3651	-9.956407	hari
3652	-9.956525	rush
3653	-9.956731	▁नाम
3654	-9.956817	▁стран
3655	-9.957296	ρο
3656	-9.958124	ん
3657	-9.958220	بط
3658	-9.958826	▁kuli
3659	-9.958955	but
3660	-9.959013	κα
3661	-9.959016	له
3662	-9.959200	的に
3663	-9.959292	▁gibi
3664	-9.959420	north
3665	-9.959475	ита
3666	-9.960408	▁21
3667	-9.960519	▁pal
3668	-9.961634	▁bank
3669	-9.961669	▁연구
3670	-9.961808	▁japon
3671	-9.962425	▁كان
3672	-9.962502	▁영
3673	-9.962638	했
3674	-9.963909	▁mwa
3675	-9.964698	江
3676	-9.964715	▁couple
3677	-9.964824	ые
3678	-9.964874	▁learn
3679	-9.965135	kleri
3680	-9.965576	nom
3681	-9.965878	▁important
3682	-9.966159	▁bitch
3683	-9.966238	ques
3684	-9.966325	던
3685	-9.966551	ından
3686	-9.966761	▁selfie
3687	-9.967722	▁με
3688	-9.967826	hir
3689	-9.967979	▁population
3690	-9.967981	但
3691	-9.968082	▁must
3692	-9.968101	▁chu
3693	-9.968776	стан
3694	-9.968810	vyo
3695	-9.968952	▁60
3696	-9.969619	real
3697	-9.969748	ско
3698	-9.970080	▁tre
3699	-9.970111	▁마
3700	-9.970150	▁reg
3701	-9.970384	▁عدد
3702	-9.970601	31
3703	-9.970619	sound
3704	-9.970644	εί
3705	-9.971215	▁हि
3706	-9.971272	준
3707	-9.971283	pr
3708	-9.971384	lock
3709	-9.971437	head
3710	-9.971612	dai
3711	-9.972363	▁kim
3712	-9.972921	१
3713	-9.973023	lev
3714	-9.973771	까지
3715	-9.973816	uch
3716	-9.974003	▁whales
3717	-9.974577	就
3718	-9.974662	▁miaka
3719	-9.975102	▁bilim
3720	-9.975956	▁초
3721	-9.976107	운
3722	-9.976149	▁состав
3723	-9.976223	립
3724	-9.976287	field
3725	-9.976700	ño
3726	-9.976789	▁зем
3727	-9.978514	39
3728	-9.978569	イン
3729	-9.978854	▁social
3730	-9.979492	िल
3731	-9.979552	ケ
3732	-9.979588	▁roman
3733	-9.979598	▁lengua
3734	-9.979843	win
3735	-9.980306	セ
3736	-9.980618	▁ар
3737	-9.980810	▁grande
3738	-9.980974	ộ
3739	-9.981215	台
3740	-9.981335	place
3741	-9.981816	كس
3742	-9.981885	غر
3743	-9.982882	此
3744	-9.982912	▁mini
3745	-9.982961	▁dark
3746	-9.983690	75
3747	-9.984099	▁रह
3748	-9.984126	球
3749	-9.984550	천
3750	-9.984552	木
3751	-9.984828	нос
3752	-9.985138	izi
3753	-9.985193	地区
3754	-9.985367	▁ön
3755	-9.985491	▁rip
3756	-9.985818	▁principal
3757	-9.986044	وان
3758	-9.986222	ٍ
3759	-9.986224	▁wananchi
3760	-9.987182	▁half
3761	-9.987847	unga
3762	-9.987913	▁स्थित
3763	-9.988623	ash
3764	-9.989007	▁gé
3765	-9.989095	▁mü
3766	-9.989333	론
3767	-9.989372	▁share
3768	-9.989461	▁funny
3769	-9.989621	▁세
3770	-9.989947	建立
3771	-9.990565	▁تن
3772	-9.991170	▁sistema
3773	-9.991631	▁sent
3774	-9.991711	ism
3775	-9.992576	▁राज
3776	-9.992823	box
3777	-9.992885	语
3778	-9.992942	间
3779	-9.993324	이나
3780	-9.993336	تين
3781	-9.993377	▁huo
3782	-9.993806	ден
3783	-9.993977	▁вод
3784	-9.994614	cher
3785	-9.994626	란
3786	-9.994626	활
3787	-9.994628	▁حيث
3788	-9.994712	▁central
3789	-9.994900	▁fra
3790	-9.994985	hara
3791	-9.995179	利用
3792	-9.996323	breakfast
3793	-9.997837	っ
3794	-9.998007	없
3795	-9.998025	太陽
3796	-9.999824	政治
3797	-10.000545	▁franc
3798	-10.000580	▁bağ
3799	-10.001051	мы
3800	-10.001400	ห
3801	-10.001400	ノ
3802	-10.002010	이며
3803	-10.002728	ंक
3804	-10.002950	rock
3805	-10.003782	نق
3806	-10.004520	에서는
3807	-10.004725	过
3808	-10.004805	射
3809	-10.004829	نج
3810	-10.005031	prince
3811	-10.005123	▁type
3812	-10.006122	なり
3813	-10.006236	dc
3814	-10.006511	群
3815	-10.006639	▁called
3816	-10.006700	▁ге
3817	-10.007264	える
3818	-10.008055	▁esp
3819	-10.008209	피
3820	-10.008220	격
3821	-10.008222	風
3822	-10.008465	43
3823	-10.008471	ities
3824	-10.008655	5%
3825	-10.008680	▁country
3826	-10.009061	وك
3827	-10.009304	▁produce
3828	-10.009699	▁haya
3829	-10.009922	ое
3830	-10.009933	탄
3831	-10.009997	▁мест
3832	-10.010277	काल
3833	-10.010363	por
3834	-10.011043	▁yeni
3835	-10.011452	gie
3836	-10.011600	▁kati
3837	-10.011602	▁sé
3838	-10.011647	如
3839	-10.011648	▁dönem
3840	-10.011650	▁system
3841	-10.011916	ped
3842	-10.012694	▁kids
3843	-10.013214	▁below
3844	-10.013801	などの
3845	-10.014220	ंद
3846	-10.014277	▁zaman
3847	-10.014510	ย
3848	-10.014828	▁pick
3849	-10.014865	νο
3850	-10.015087	ส
3851	-10.015203	cie
3852	-10.015487	形成
3853	-10.015593	▁nom
3854	-10.015759	▁kö
3855	-10.016025	рус
3856	-10.016736	▁lower
3857	-10.016994	▁تح
3858	-10.018370	▁couldn
3859	-10.018389	रू
3860	-10.018540	包括
3861	-10.018540	導
3862	-10.018548	▁double
3863	-10.019458	holiday
3864	-10.019897	帝
3865	-10.020268	축
3866	-10.020269	止
3867	-10.020325	▁expect
3868	-10.021810	▁gal
3869	-10.021898	▁least
3870	-10.022001	▁imagine
3871	-10.022001	절
3872	-10.022057	▁maybe
3873	-10.022980	▁moja
3874	-10.023141	rent
3875	-10.023277	tura
3876	-10.023588	稱
3877	-10.023701	支
3878	-10.023737	ี
3879	-10.023737	达
3880	-10.023739	べ
3881	-10.025033	▁바
3882	-10.025174	られ
3883	-10.025230	amente
3884	-10.025632	дов
3885	-10.025728	fall
3886	-10.025869	vir
3887	-10.026393	▁hour
3888	-10.026459	▁=
3889	-10.026640	where
3890	-10.026726	тя
3891	-10.026828	▁varia
3892	-10.026970	nico
3893	-10.027122	47
3894	-10.027157	рос
3895	-10.027483	▁//
3896	-10.027631	中心
3897	-10.027828	uri
3898	-10.028817	▁higher
3899	-10.028826	ερ
3900	-10.028964	पूर्व
3901	-10.029174	ある
3902	-10.029355	फ़
3903	-10.029547	οι
3904	-10.029618	▁fur
3905	-10.029624	▁पु
3906	-10.030142	▁known
3907	-10.030555	ια
3908	-10.030572	▁leo
3909	-10.030712	離
3910	-10.030806	▁bounce
3911	-10.030809	重要
3912	-10.030985	▁animal
3913	-10.031167	вал
3914	-10.031781	squad
3915	-10.032207	▁doge
3916	-10.032464	・・・
3917	-10.032512	▁volume
3918	-10.032593	▁mais
3919	-10.033037	▁actually
3920	-10.033234	crew
3921	-10.033243	ais
3922	-10.033628	われ
3923	-10.033805	▁lovely
3924	-10.033879	ule
3925	-10.033993	isation
3926	-10.034128	▁iş
3927	-10.034225	клю
3928	-10.035080	aj
3929	-10.036078	▁sağ
3930	-10.036184	부터
3931	-10.036373	▁prof
3932	-10.036822	▁gran
3933	-10.037134	▁told
3934	-10.037214	▁hell
3935	-10.037468	布
3936	-10.037736	着
3937	-10.037737	▁public
3938	-10.038186	▁element
3939	-10.038777	▁sü
3940	-10.039500	數
3941	-10.039574	社会
3942	-10.039824	aient
3943	-10.040290	gn
3944	-10.040648	дн
3945	-10.041030	वर
3946	-10.041153	▁вид
3947	-10.041446	year
3948	-10.041876	▁सु
3949	-10.042423	una
3950	-10.042537	mektedir
3951	-10.042830	統
3952	-10.043038	際
3953	-10.043286	いた
3954	-10.043291	▁spa
3955	-10.043721	▁send
3956	-10.043769	mie
3957	-10.044278	gui
3958	-10.044533	ур
3959	-10.044809	▁önemli
3960	-10.045028	▁все
3961	-10.045107	jua
3962	-10.045310	uff
3963	-10.045385	▁начал
3964	-10.045566	त्व
3965	-10.045654	▁bölge
3966	-10.045861	▁daha
3967	-10.045997	降
3968	-10.046081	وض
3969	-10.046334	пер
3970	-10.046568	ξ
3971	-10.046584	清
3972	-10.046586	ต
3973	-10.046618	▁️️
3974	-10.046630	まで
3975	-10.046880	ott
3976	-10.046905	ид
3977	-10.046911	▁mama
3978	-10.047642	selfie
3979	-10.047678	ء
3980	-10.047879	地方
3981	-10.048365	ソ
3982	-10.048926	صد
3983	-10.049186	200
3984	-10.050150	選
3985	-10.050167	으며
3986	-10.050194	▁olduğu
3987	-10.050544	▁стал
3988	-10.051315	▁zina
3989	-10.051541	▁пи
3990	-10.051770	▁zero
3991	-10.052357	36
3992	-10.052439	▁gift
3993	-10.052720	▁loving
3994	-10.052913	▁text
3995	-10.053433	ريا
3996	-10.053578	से
3997	-10.053722	halloween
3998	-10.053787	っている
3999	-10.054253	president
4000	-10.054714	多く
4001	-10.055069	nica
4002	-10.055410	vibes
4003	-10.055464	美国
4004	-10.056266	हर
4005	-10.056462	mc
4006	-10.056518	!!!!!
4007	-10.056767	▁kui
4008	-10.057049	gon
4009	-10.057309	ề
4010	-10.057309	京
4011	-10.057333	▁kullanı
4012	-10.057430	▁daily
4013	-10.058013	gia
4014	-10.058288	gri
4015	-10.058529	mom
4016	-10.059108	ט
4017	-10.059108	▁different
4018	-10.059109	び
4019	-10.059110	氣
4020	-10.059374	ized
4021	-10.059763	▁الز
4022	-10.059926	oooo
4023	-10.060483	just
4024	-10.061132	maktadır
4025	-10.061692	gh
4026	-10.062019	▁jam
4027	-10.062379	▁kutoka
4028	-10.062468	▁kap
4029	-10.062613	ば
4030	-10.062716	則
4031	-10.063386	ilia
4032	-10.064526	▁yüksek
4033	-10.064794	▁general
4034	-10.065021	स्थ
4035	-10.065029	غرب
4036	-10.065134	رية
4037	-10.065451	gene
4038	-10.065459	▁seen
4039	-10.065634	▁maji
4040	-10.065723	coast
4041	-10.065813	جة
4042	-10.066211	速
4043	-10.066282	tah
4044	-10.066335	บ
4045	-10.066336	花
4046	-10.067787	ائية
4047	-10.067842	gin
4048	-10.067931	mission
4049	-10.068007	▁south
4050	-10.068150	▁있다
4051	-10.068237	▁wonderful
4052	-10.068434	▁kila
4053	-10.069699	提
4054	-10.070148	сь
4055	-10.070252	cousin
4056	-10.070290	スト
4057	-10.070374	▁gro
4058	-10.070485	pot
4059	-10.070607	nut
4060	-10.071791	げ
4061	-10.072507	abilir
4062	-10.072542	▁예
4063	-10.072682	33
4064	-10.073547	umbu
4065	-10.073581	象
4066	-10.073597	デ
4067	-10.073612	평
4068	-10.073614	製
4069	-10.073655	vacation
4070	-10.074343	нные
4071	-10.074842	▁saw
4072	-10.074858	trop
4073	-10.075066	活
4074	-10.075770	であり
4075	-10.075912	pita
4076	-10.076302	▁weeks
4077	-10.076556	crit
4078	-10.077030	女
4079	-10.077272	색
4080	-10.077274	때
4081	-10.077285	▁inflation
4082	-10.077488	科学
4083	-10.077823	isse
4084	-10.078648	▁kü
4085	-10.078814	▁china
4086	-10.078904	view
4087	-10.078976	▁treat
4088	-10.079073	ió
4089	-10.079109	消
4090	-10.079110	影響
4091	-10.079492	32
4092	-10.079926	سن
4093	-10.080519	prim
4094	-10.080704	野
4095	-10.081268	▁भारतीय
4096	-10.081544	65
4097	-10.082234	▁model
4098	-10.082295	▁قو
4099	-10.082585	ً
4100	-10.082788	ツ
4101	-10.082789	害
4102	-10.083302	gy
4103	-10.083825	خر
4104	-10.083879	▁강
4105	-10.084002	▁उप
4106	-10.084320	▁reco
4107	-10.084373	building
4108	-10.084615	死
4109	-10.084634	密
4110	-10.084634	혈
4111	-10.085265	isme
4112	-10.085342	▁talk
4113	-10.085486	wild
4114	-10.085736	않
4115	-10.086192	ología
4116	-10.086241	ていた
4117	-10.086482	ג
4118	-10.086541	▁lakini
4119	-10.086837	nel
4120	-10.087270	deki
4121	-10.087544	cion
4122	-10.087943	▁quick
4123	-10.088147	رف
4124	-10.088170	▁dil
4125	-10.088300	▁là
4126	-10.088335	再
4127	-10.088897	magic
4128	-10.089555	著
4129	-10.089727	▁listen
4130	-10.090110	界
4131	-10.090189	失
4132	-10.090221	bie
4133	-10.090242	pun
4134	-10.090270	▁일본
4135	-10.090460	аются
4136	-10.090625	▁sil
4137	-10.091163	연
4138	-10.091318	מ
4139	-10.091709	存
4140	-10.091899	चार
4141	-10.092048	▁gorgeous
4142	-10.092048	血
4143	-10.092048	손
4144	-10.092686	phi
4145	-10.093521	▁год
4146	-10.093680	र्म
4147	-10.093904	험
4148	-10.093912	▁البلاد
4149	-10.094382	0000
4150	-10.094626	こ
4151	-10.095038	▁limit
4152	-10.095065	▁kara
4153	-10.095778	五
4154	-10.095779	条
4155	-10.095875	46
4156	-10.096212	اخ
4157	-10.097350	등
4158	-10.097645	▁français
4159	-10.097645	▁대한민국
4160	-10.097780	▁지역
4161	-10.097912	中國
4162	-10.097915	られた
4163	-10.098084	ugu
4164	-10.098351	party
4165	-10.098423	▁저
4166	-10.099529	weka
4167	-10.099968	▁fast
4168	-10.100301	سبب
4169	-10.100318	▁fre
4170	-10.100899	त्त
4171	-10.100981	▁region
4172	-10.101179	टर
4173	-10.101240	でも
4174	-10.101423	brunch
4175	-10.101457	▁sea
4176	-10.102064	▁till
4177	-10.102892	दि
4178	-10.103274	巴
4179	-10.103325	▁hello
4180	-10.104367	nyika
4181	-10.104864	▁bulun
4182	-10.105096	▁cover
4183	-10.105157	더
4184	-10.105781	▁huge
4185	-10.105846	friends
4186	-10.106401	▁gir
4187	-10.106449	artist
4188	-10.107098	▁του
4189	-10.107366	▁candle
4190	-10.107705	piga
4191	-10.108190	maya
4192	-10.108537	じ
4193	-10.108934	母
4194	-10.109166	يج
4195	-10.109356	▁말
4196	-10.109493	play
4197	-10.110826	ờ
4198	-10.110826	による
4199	-10.110830	議
4200	-10.112061	europe
4201	-10.112175	cap
4202	-10.112552	صبح
4203	-10.112727	暦
4204	-10.113521	▁broke
4205	-10.114628	件
4206	-10.114630	▁الأرض
4207	-10.115013	地球
4208	-10.115143	ική
4209	-10.115147	جار
4210	-10.116173	ize
4211	-10.116501	居
4212	-10.116531	產
4213	-10.116532	熱
4214	-10.116662	truc
4215	-10.117781	달
4216	-10.117856	ιο
4217	-10.118443	▁tradition
4218	-10.118467	▁lost
4219	-10.118493	texas
4220	-10.118518	▁está
4221	-10.118528	▁شخص
4222	-10.118534	▁bru
4223	-10.118588	▁woman
4224	-10.118863	▁catch
4225	-10.119063	▁billion
4226	-10.119139	▁colon
4227	-10.119615	ncy
4228	-10.119669	lardan
4229	-10.119911	ذا
4230	-10.120323	دين
4231	-10.120353	ポ
4232	-10.120646	rant
4233	-10.120647	изм
4234	-10.120868	▁maisha
4235	-10.122268	▁century
4236	-10.122270	氏
4237	-10.122295	ха
4238	-10.122306	▁sometimes
4239	-10.122558	하게
4240	-10.122766	black
4241	-10.123517	▁kuku
4242	-10.123553	bali
4243	-10.123899	▁mass
4244	-10.123954	进
4245	-10.124403	▁matter
4246	-10.125219	▁وع
4247	-10.125360	miz
4248	-10.125552	100
4249	-10.125916	▁muda
4250	-10.126110	話
4251	-10.126110	접
4252	-10.126202	▁한국
4253	-10.126534	▁sorry
4254	-10.126749	▁lead
4255	-10.126865	▁hear
4256	-10.126992	बा
4257	-10.127440	▁кру
4258	-10.127542	chill
4259	-10.127610	▁final
4260	-10.127824	pet
4261	-10.128022	▁sy
4262	-10.128031	ớ
4263	-10.128512	41
4264	-10.128552	zen
4265	-10.128909	rin
4266	-10.129394	最大
4267	-10.129820	認
4268	-10.129969	確
4269	-10.130123	▁العام
4270	-10.130668	ング
4271	-10.130681	تي
4272	-10.130921	▁año
4273	-10.131580	▁пе
4274	-10.131782	nature
4275	-10.131831	せ
4276	-10.131919	▁عشر
4277	-10.131955	ορ
4278	-10.132259	▁süre
4279	-10.132792	▁playing
4280	-10.133184	▁yılında
4281	-10.133255	αρ
4282	-10.133423	▁invest
4283	-10.133840	容
4284	-10.134244	▁cell
4285	-10.134878	考
4286	-10.135055	▁add
4287	-10.135610	flo
4288	-10.135781	調
4289	-10.135798	▁weather
4290	-10.135962	лы
4291	-10.136363	цы
4292	-10.136440	lerden
4293	-10.137373	01
4294	-10.137727	테
4295	-10.138007	▁hatua
4296	-10.138011	▁started
4297	-10.138858	over
4298	-10.139485	▁выс
4299	-10.139593	示
4300	-10.139677	整
4301	-10.139689	project
4302	-10.139842	▁غير
4303	-10.140030	なる
4304	-10.140514	trump
4305	-10.140703	ее
4306	-10.140756	лед
4307	-10.141028	▁gl
4308	-10.141441	ており
4309	-10.141615	洲
4310	-10.141768	▁capital
4311	-10.142156	▁idea
4312	-10.143041	37
4313	-10.143221	▁maka
4314	-10.143232	画
4315	-10.143545	レー
4316	-10.143736	▁الحرب
4317	-10.143979	とは
4318	-10.144079	tico
4319	-10.144173	ulu
4320	-10.145110	pol
4321	-10.145547	差
4322	-10.146062	يح
4323	-10.147511	田
4324	-10.147513	施
4325	-10.147514	▁मुख्य
4326	-10.147526	▁région
4327	-10.148013	▁fact
4328	-10.148598	hum
4329	-10.149481	割
4330	-10.149482	除
4331	-10.149561	▁international
4332	-10.149897	▁أكبر
4333	-10.150480	وه
4334	-10.150751	▁सि
4335	-10.151453	油
4336	-10.151520	▁multi
4337	-10.151569	▁कम
4338	-10.151989	▁yana
4339	-10.152102	▁बाद
4340	-10.152261	parent
4341	-10.152387	pper
4342	-10.152744	muş
4343	-10.152785	त्य
4344	-10.153428	כ
4345	-10.153687	▁kupata
4346	-10.153748	▁minute
4347	-10.153935	地域
4348	-10.154192	成立
4349	-10.154304	▁गया
4350	-10.154418	▁가장
4351	-10.155059	fest
4352	-10.155194	λε
4353	-10.155375	▁thu
4354	-10.155412	▁include
4355	-10.155415	▁position
4356	-10.155437	들을
4357	-10.156201	▁train
4358	-10.156351	aria
4359	-10.156403	hood
4360	-10.157136	보다
4361	-10.157394	亚
4362	-10.157475	mia
4363	-10.157494	地震
4364	-10.157637	▁missed
4365	-10.158212	ологи
4366	-10.158229	ضع
4367	-10.158546	▁mine
4368	-10.159384	帯
4369	-10.160024	يًا
4370	-10.161004	nj
4371	-10.161353	战
4372	-10.161360	특
4373	-10.161374	む
4374	-10.161375	尔
4375	-10.161386	▁mkuu
4376	-10.161528	غل
4377	-10.162686	▁profit
4378	-10.163369	呼
4379	-10.163371	送
4380	-10.163732	ungu
4381	-10.163943	▁عمل
4382	-10.164504	friday
4383	-10.164693	бра
4384	-10.165256	関
4385	-10.165370	易
4386	-10.165792	▁bak
4387	-10.165918	▁personne
4388	-10.166067	▁saying
4389	-10.166114	▁trap
4390	-10.166459	▁lfg
4391	-10.166644	▁flu
4392	-10.167018	شار
4393	-10.167044	▁كانت
4394	-10.167096	産
4395	-10.167137	▁các
4396	-10.167374	ゴ
4397	-10.167374	推
4398	-10.167374	落
4399	-10.167376	ात
4400	-10.167378	▁clown
4401	-10.167724	▁wonder
4402	-10.168471	nik
4403	-10.168898	ます
4404	-10.169381	ъ
4405	-10.169382	身
4406	-10.169659	▁etti
4407	-10.169685	▁using
4408	-10.169916	▁hilo
4409	-10.170203	िश
4410	-10.171264	然
4411	-10.171428	▁band
4412	-10.171545	▁pé
4413	-10.171744	▁kutoa
4414	-10.172242	▁leur
4415	-10.173409	왕
4416	-10.173414	0,000
4417	-10.173414	daughter
4418	-10.173534	john
4419	-10.174029	вл
4420	-10.174923	▁str
4421	-10.174942	न्द
4422	-10.175422	▁service
4423	-10.175436	▁orang
4424	-10.175605	zer
4425	-10.176155	rib
4426	-10.176392	▁mr
4427	-10.177344	▁dünya
4428	-10.177455	领
4429	-10.177530	可以
4430	-10.178193	bel
4431	-10.178860	qué
4432	-10.179018	▁mind
4433	-10.179487	▁collect
4434	-10.179832	पी
4435	-10.179898	λο
4436	-10.180400	▁bitty
4437	-10.181083	▁wall
4438	-10.181215	要
4439	-10.181511	经
4440	-10.181650	▁wanna
4441	-10.181664	▁three
4442	-10.181948	▁प्रति
4443	-10.183552	限
4444	-10.183642	44
4445	-10.184285	स्ट
4446	-10.184402	▁cara
4447	-10.184670	лей
4448	-10.184725	▁force
4449	-10.184902	▁geo
4450	-10.185401	tumia
4451	-10.185595	宇
4452	-10.185595	続
4453	-10.185763	•
4454	-10.186168	34
4455	-10.186381	▁mambo
4456	-10.186897	mica
4457	-10.187056	लो
4458	-10.187642	▁karşı
4459	-10.188099	larından
4460	-10.189099	▁primer
4461	-10.189326	府
4462	-10.189597	본
4463	-10.189783	▁each
4464	-10.189892	ये
4465	-10.189969	▁أم
4466	-10.190577	▁bomb
4467	-10.190587	▁genera
4468	-10.190948	dark
4469	-10.191173	▁été
4470	-10.191272	▁yazı
4471	-10.191696	配
4472	-10.191740	ổ
4473	-10.191740	총
4474	-10.191910	▁office
4475	-10.191915	.000
4476	-10.192016	▁mot
4477	-10.192821	▁фи
4478	-10.193295	ancien
4479	-10.193730	漢
4480	-10.193799	kel
4481	-10.194052	गर
4482	-10.194250	phy
4483	-10.194550	▁snow
4484	-10.194682	▁refer
4485	-10.194829	▁bul
4486	-10.195076	ison
4487	-10.195587	aron
4488	-10.195747	周
4489	-10.195859	▁account
4490	-10.195859	백
4491	-10.195861	説
4492	-10.196931	300
4493	-10.197132	▁был
4494	-10.197436	lí
4495	-10.197453	▁neu
4496	-10.197925	ở
4497	-10.198072	▁영국
4498	-10.198473	ζ
4499	-10.198641	▁जाता
4500	-10.199244	weekend
4501	-10.199367	▁сер
4502	-10.199496	▁tax
4503	-10.199996	디
4504	-10.199997	決
4505	-10.199997	质
4506	-10.200727	ndan
4507	-10.201695	penda
4508	-10.202070	°
4509	-10.202070	▁cold
4510	-10.202070	율
4511	-10.202127	ضر
4512	-10.203719	ым
4513	-10.203791	▁cá
4514	-10.203859	▁starting
4515	-10.204151	磁
4516	-10.204156	▁anything
4517	-10.204178	▁above
4518	-10.204478	▁forget
4519	-10.204879	▁yeah
4520	-10.205169	come
4521	-10.205256	▁against
4522	-10.205352	état
4523	-10.205778	ических
4524	-10.206097	heart
4525	-10.206233	별
4526	-10.206249	▁habari
4527	-10.206466	cht
4528	-10.207099	▁sonra
4529	-10.207154	▁agua
4530	-10.207481	تخدم
4531	-10.207796	long
4532	-10.207808	wala
4533	-10.207922	hand
4534	-10.207939	ром
4535	-10.208138	▁partie
4536	-10.208322	ï
4537	-10.208363	tuesday
4538	-10.208364	bio
4539	-10.208378	▁ambayo
4540	-10.209823	▁origin
4541	-10.210413	今
4542	-10.210463	▁जिस
4543	-10.210818	▁lady
4544	-10.211254	bur
4545	-10.212075	وط
4546	-10.212452	▁أول
4547	-10.212510	传
4548	-10.212648	自然
4549	-10.212836	makeup
4550	-10.212869	주의
4551	-10.213312	▁common
4552	-10.213387	take
4553	-10.213488	.....
4554	-10.214092	▁plant
4555	-10.214743	▁problem
4556	-10.214890	▁تحت
4557	-10.216037	راء
4558	-10.216132	▁गु
4559	-10.216142	वी
4560	-10.216871	운동
4561	-10.217204	late
4562	-10.217356	ими
4563	-10.217673	rang
4564	-10.218042	▁0.
4565	-10.218210	ун
4566	-10.218657	▁mwana
4567	-10.218824	́
4568	-10.218826	已
4569	-10.218894	être
4570	-10.218910	▁event
4571	-10.220362	chan
4572	-10.220848	족
4573	-10.220941	▁خلال
4574	-10.220942	尼
4575	-10.221809	▁cost
4576	-10.222479	▁omg
4577	-10.222485	▁kina
4578	-10.222737	▁divers
4579	-10.223057	視
4580	-10.223067	▁current
4581	-10.223072	college
4582	-10.223128	με
4583	-10.223219	▁biden
4584	-10.223660	نظر
4585	-10.224275	ター
4586	-10.224662	▁become
4587	-10.224750	عرف
4588	-10.225164	독
4589	-10.225181	편
4590	-10.225181	향
4591	-10.225183	▁pamoja
4592	-10.225351	what
4593	-10.226732	▁step
4594	-10.226853	द्ध
4595	-10.226877	cker
4596	-10.227292	測
4597	-10.227308	ボ
4598	-10.227433	▁хо
4599	-10.227573	ação
4600	-10.228650	▁spo
4601	-10.229362	あり
4602	-10.229440	層
4603	-10.229441	詞
4604	-10.229442	打
4605	-10.229444	▁अनु
4606	-10.229886	ibu
4607	-10.230892	れた
4608	-10.231560	術
4609	-10.231577	ś
4610	-10.231578	핵
4611	-10.231579	內
4612	-10.231657	▁celebrating
4613	-10.231995	ção
4614	-10.232015	well
4615	-10.232232	кой
4616	-10.232406	ecek
4617	-10.233342	رد
4618	-10.233373	ían
4619	-10.233680	55
4620	-10.233719	▁congrats
4621	-10.233720	足
4622	-10.233920	▁safe
4623	-10.234176	here
4624	-10.234618	▁fake
4625	-10.234653	▁trend
4626	-10.235103	фа
4627	-10.235837	規
4628	-10.235868	▁орган
4629	-10.236360	▁running
4630	-10.236566	church
4631	-10.236908	▁veya
4632	-10.237051	▁leave
4633	-10.238015	液
4634	-10.238015	述
4635	-10.238348	continent
4636	-10.238544	queen
4637	-10.239202	▁बन
4638	-10.239824	gang
4639	-10.240005	ünü
4640	-10.240019	▁महा
4641	-10.240170	▁द्वारा
4642	-10.240170	实
4643	-10.240181	▁normal
4644	-10.240490	lion
4645	-10.240862	umi
4646	-10.242051	▁bay
4647	-10.242331	令
4648	-10.242333	计
4649	-10.242435	टे
4650	-10.243557	▁song
4651	-10.244256	▁myself
4652	-10.244494	wednesday
4653	-10.244494	未
4654	-10.244495	结
4655	-10.244506	farm
4656	-10.245158	ряд
4657	-10.245646	▁cheap
4658	-10.245983	▁kuto
4659	-10.246006	▁opera
4660	-10.246358	함
4661	-10.246664	brooklyn
4662	-10.246667	约
4663	-10.247209	▁gaz
4664	-10.247224	acak
4665	-10.247328	olewa
4666	-10.248765	▁мор
4667	-10.248837	助
4668	-10.248837	mountain
4669	-10.248837	베
4670	-10.248839	▁language
4671	-10.249124	ıldı
4672	-10.249175	▁भाग
4673	-10.249795	show
4674	-10.249798	▁ulio
4675	-10.249906	αλ
4676	-10.250013	vita
4677	-10.250201	amini
4678	-10.250402	▁interest
4679	-10.250488	▁sayı
4680	-10.250844	술
4681	-10.251014	▁город
4682	-10.251017	ワ
4683	-10.251017	살
4684	-10.251018	修
4685	-10.251064	बी
4686	-10.252269	하지
4687	-10.252301	أر
4688	-10.253222	▁happened
4689	-10.253371	▁साथ
4690	-10.253592	бор
4691	-10.253675	▁mano
4692	-10.254238	▁रे
4693	-10.254373	지만
4694	-10.255150	▁دول
4695	-10.255387	ピ
4696	-10.255388	استخدام
4697	-10.255812	iii
4698	-10.256164	▁neden
4699	-10.256877	स्व
4700	-10.257090	state
4701	-10.257243	區
4702	-10.257423	бол
4703	-10.257581	▁definitely
4704	-10.257582	断
4705	-10.257582	百
4706	-10.257584	细胞
4707	-10.257799	▁البر
4708	-10.258412	ление
4709	-10.258664	umba
4710	-10.259321	—
4711	-10.259778	ป
4712	-10.259779	ż
4713	-10.259779	버
4714	-10.259826	▁easy
4715	-10.260347	kata
4716	-10.260476	culo
4717	-10.260617	49
4718	-10.260878	▁store
4719	-10.260914	▁tanı
4720	-10.261993	▁wrong
4721	-10.262228	concert
4722	-10.264189	它
4723	-10.264495	▁lili
4724	-10.264720	fran
4725	-10.265180	▁gün
4726	-10.266066	▁lose
4727	-10.266179	eva
4728	-10.266320	▁अधिक
4729	-10.266401	員
4730	-10.267730	▁march
4731	-10.267809	▁warm
4732	-10.268458	ード
4733	-10.268515	▁stand
4734	-10.268632	▁earth
4735	-10.268783	▁الهند
4736	-10.269053	▁enjoying
4737	-10.269737	より
4738	-10.269780	▁bou
4739	-10.269784	▁consider
4740	-10.270438	▁sobre
4741	-10.270841	령
4742	-10.270843	收
4743	-10.271165	▁समय
4744	-10.271379	現在
4745	-10.271449	▁kadar
4746	-10.271824	omba
4747	-10.271986	دخل
4748	-10.272358	에게
4749	-10.272422	eleza
4750	-10.272534	coming
4751	-10.273071	▁develop
4752	-10.273967	▁kufu
4753	-10.274547	print
4754	-10.274631	▁cross
4755	-10.274698	mw
4756	-10.275047	▁chance
4757	-10.275301	更
4758	-10.275301	權
4759	-10.275869	바
4760	-10.276219	▁huku
4761	-10.276825	95
4762	-10.277536	末
4763	-10.277537	▁también
4764	-10.277537	▁utilisé
4765	-10.277537	▁هذه
4766	-10.277537	权
4767	-10.277549	effect
4768	-10.278863	▁sud
4769	-10.279429	vr
4770	-10.279675	oid
4771	-10.279745	official
4772	-10.279779	伝
4773	-10.279898	▁sens
4774	-10.280322	また
4775	-10.280363	▁aliye
4776	-10.280425	▁eyes
4777	-10.280833	model
4778	-10.281205	▁loved
4779	-10.281354	英
4780	-10.281636	國家
4781	-10.281959	pho
4782	-10.282022	ペ
4783	-10.282025	車
4784	-10.282026	▁हुआ
4785	-10.282028	▁của
4786	-10.282029	致
4787	-10.282252	▁luna
4788	-10.282560	▁pia
4789	-10.282610	vision
4790	-10.283199	τε
4791	-10.283510	blue
4792	-10.283641	arse
4793	-10.283986	▁wouldn
4794	-10.284253	思
4795	-10.284279	철
4796	-10.284281	単
4797	-10.284283	民族
4798	-10.284315	▁प्रमुख
4799	-10.284433	▁발생
4800	-10.284473	▁inayo
4801	-10.284615	▁grandes
4802	-10.284796	▁india
4803	-10.285291	▁complete
4804	-10.285390	▁mundo
4805	-10.285676	flower
4806	-10.285699	ياً
4807	-10.285734	▁huu
4808	-10.285889	aliwa
4809	-10.286214	رع
4810	-10.286536	男
4811	-10.286594	bridge
4812	-10.287189	▁card
4813	-10.287325	▁four
4814	-10.287532	ように
4815	-10.287731	big
4816	-10.287764	child
4817	-10.288387	▁الدولة
4818	-10.288799	備
4819	-10.288799	应
4820	-10.288835	▁watoto
4821	-10.289003	cook
4822	-10.289665	▁carbon
4823	-10.290465	fam
4824	-10.290854	рен
4825	-10.290934	▁tele
4826	-10.291065	馬
4827	-10.291099	病毒
4828	-10.291162	▁process
4829	-10.291486	▁spot
4830	-10.291945	成為
4831	-10.291983	bal
4832	-10.292049	that
4833	-10.292921	▁wit
4834	-10.293339	▁الرئيس
4835	-10.293357	▁nafasi
4836	-10.295551	▁liquid
4837	-10.295597	リー
4838	-10.295616	투
4839	-10.295617	▁understand
4840	-10.295617	好
4841	-10.295618	▁الميلاد
4842	-10.295650	▁became
4843	-10.295679	構造
4844	-10.297520	▁الحر
4845	-10.297549	▁jump
4846	-10.297901	这
4847	-10.297986	شهر
4848	-10.298654	ук
4849	-10.299631	ント
4850	-10.299920	pped
4851	-10.300091	الد
4852	-10.300189	侵
4853	-10.300191	季
4854	-10.300483	mate
4855	-10.300906	▁çek
4856	-10.301270	rup
4857	-10.301640	▁mash
4858	-10.302279	ène
4859	-10.302456	최
4860	-10.302482	當
4861	-10.302482	플
4862	-10.302483	異
4863	-10.302484	船
4864	-10.302485	司
4865	-10.302506	▁taifa
4866	-10.302719	▁fed
4867	-10.302934	▁exist
4868	-10.303046	▁kadın
4869	-10.303149	▁cour
4870	-10.303370	方法
4871	-10.303463	▁이용
4872	-10.304017	idir
4873	-10.304378	▁sav
4874	-10.304780	메
4875	-10.305408	pool
4876	-10.306166	년에
4877	-10.306643	▁sad
4878	-10.307085	▁विश्व
4879	-10.307085	판
4880	-10.307126	▁reason
4881	-10.308424	دل
4882	-10.309035	tory
4883	-10.309266	▁devlet
4884	-10.309394	抗
4885	-10.309677	trip
4886	-10.309784	▁young
4887	-10.310775	سك
4888	-10.311708	増
4889	-10.311709	ท
4890	-10.311709	去
4891	-10.311709	換
4892	-10.311710	老
4893	-10.311711	殖
4894	-10.311713	مان
4895	-10.312141	bir
4896	-10.312336	▁dumb
4897	-10.314023	戰
4898	-10.314029	▁शब्द
4899	-10.314031	切
4900	-10.314032	將
4901	-10.314040	▁स्थान
4902	-10.314312	▁bearish
4903	-10.314816	52
4904	-10.315033	▁sous
4905	-10.316457	gno
4906	-10.316480	하며
4907	-10.316586	mika
4908	-10.317095	▁cash
4909	-10.317802	現
4910	-10.318063	▁так
4911	-10.318403	вол
4912	-10.318530	ट्र
4913	-10.318686	根
4914	-10.318686	亞
4915	-10.318686	关
4916	-10.318687	破
4917	-10.318833	▁शहर
4918	-10.318975	▁시작
4919	-10.319463	▁piece
4920	-10.320665	▁прав
4921	-10.320848	▁sau
4922	-10.321022	청
4923	-10.321023	▁ciudad
4924	-10.321045	▁같은
4925	-10.322346	ец
4926	-10.322455	▁means
4927	-10.322716	beautiful
4928	-10.323396	▁result
4929	-10.323402	▁حتى
4930	-10.323685	▁أكثر
4931	-10.323873	льные
4932	-10.323989	▁hate
4933	-10.325027	▁fear
4934	-10.325712	節
4935	-10.325712	装
4936	-10.325712	광
4937	-10.325714	广
4938	-10.325749	▁mata
4939	-10.325862	lisha
4940	-10.326000	文字
4941	-10.327174	▁أي
4942	-10.327439	400
4943	-10.327936	ुर
4944	-10.327950	宗
4945	-10.328064	材
4946	-10.328065	▁mbalimbali
4947	-10.328226	▁также
4948	-10.328322	開発
4949	-10.328346	으
4950	-10.328503	volv
4951	-10.328934	▁kutu
4952	-10.329442	▁zone
4953	-10.330212	бер
4954	-10.330221	cel
4955	-10.330230	ические
4956	-10.330398	언
4957	-10.330433	▁sahip
4958	-10.331361	全国
4959	-10.331476	▁moving
4960	-10.331644	ologie
4961	-10.331909	▁push
4962	-10.332787	▁работ
4963	-10.332788	阿
4964	-10.332840	▁simple
4965	-10.333111	場合
4966	-10.333347	▁kura
4967	-10.334194	よう
4968	-10.335011	越
4969	-10.335156	ـ
4970	-10.335173	ющих
4971	-10.335639	ёт
4972	-10.335818	나라
4973	-10.336959	ده
4974	-10.337351	98
4975	-10.337512	总
4976	-10.337666	senior
4977	-10.337731	▁uygu
4978	-10.337955	▁amesema
4979	-10.337961	اعد
4980	-10.338055	▁deux
4981	-10.338632	▁форм
4982	-10.339576	सर
4983	-10.339670	いて
4984	-10.339913	洋
4985	-10.339913	突
4986	-10.340134	行政
4987	-10.340301	shirt
4988	-10.341111	▁अव
4989	-10.341221	gor
4990	-10.341329	▁civil
4991	-10.342268	mun
4992	-10.342299	린
4993	-10.342300	▁viongozi
4994	-10.343103	يه
4995	-10.344387	nza
4996	-10.344693	微
4997	-10.344702	▁древ
4998	-10.344713	▁다른
4999	-10.344758	нь
5000	-10.344864	▁после
5001	-10.344921	inter
5002	-10.344956	orlando
5003	-10.345127	free
5004	-10.345417	▁sport
5005	-10.346165	your
5006	-10.346370	▁kuna
5007	-10.347091	▁surprise
5008	-10.347091	歌
5009	-10.347647	▁وجه
5010	-10.348104	▁center
5011	-10.348239	▁father
5012	-10.348454	▁мир
5013	-10.349494	▁رئيس
5014	-10.349494	▁प्राचीन
5015	-10.349494	순
5016	-10.349495	些
5017	-10.349495	창
5018	-10.349788	▁transfer
5019	-10.349921	yoga
5020	-10.352018	пре
5021	-10.352306	boston
5022	-10.353083	成为
5023	-10.353322	شي
5024	-10.354037	ベ
5025	-10.354319	washington
5026	-10.354319	承
5027	-10.354320	参
5028	-10.354400	▁njia
5029	-10.354627	▁record
5030	-10.354765	▁near
5031	-10.355893	▁regula
5032	-10.356711	算
5033	-10.356741	標
5034	-10.356741	티
5035	-10.356760	▁repostapp
5036	-10.357263	craft
5037	-10.359048	sinin
5038	-10.359115	住
5039	-10.359136	झ
5040	-10.359162	▁chama
5041	-10.359167	湖
5042	-10.359172	夏
5043	-10.359209	election
5044	-10.359342	▁gör
5045	-10.359511	made
5046	-10.360433	▁talking
5047	-10.360610	cream
5048	-10.360986	ombe
5049	-10.361412	植
5050	-10.361601	▁tarafından
5051	-10.361601	품
5052	-10.361699	var
5053	-10.362206	代表
5054	-10.362560	▁metal
5055	-10.363429	ится
5056	-10.363472	ओ
5057	-10.363797	▁hava
5058	-10.364039	ợ
5059	-10.364039	写
5060	-10.364040	แ
5061	-10.364074	мар
5062	-10.364118	▁числ
5063	-10.364296	▁प्रा
5064	-10.364388	▁kick
5065	-10.364632	▁trading
5066	-10.365241	▁block
5067	-10.365295	▁yourself
5068	-10.365351	bell
5069	-10.365600	▁gelen
5070	-10.365842	▁يُ
5071	-10.365871	ava
5072	-10.366401	▁needed
5073	-10.366485	服
5074	-10.366486	ऊ
5075	-10.366631	▁चीन
5076	-10.366860	▁bien
5077	-10.366967	▁latin
5078	-10.367105	56
5079	-10.367325	▁tienen
5080	-10.367680	▁tarih
5081	-10.367718	уче
5082	-10.367871	義
5083	-10.368328	▁thinking
5084	-10.368473	ious
5085	-10.368939	局
5086	-10.369296	▁risk
5087	-10.369368	▁hivyo
5088	-10.369470	gym
5089	-10.369609	物理
5090	-10.370289	により
5091	-10.371387	처
5092	-10.371392	▁between
5093	-10.371394	排
5094	-10.371851	▁türk
5095	-10.371927	уще
5096	-10.371962	angel
5097	-10.372219	sunday
5098	-10.372352	▁وفي
5099	-10.372822	▁fill
5100	-10.373062	वन
5101	-10.373563	down
5102	-10.373856	▁الولايات
5103	-10.373856	규
5104	-10.373886	▁launch
5105	-10.374211	▁eu
5106	-10.374388	lish
5107	-10.375647	とも
5108	-10.376034	▁الغ
5109	-10.376154	この
5110	-10.376326	▁مدينة
5111	-10.376326	联
5112	-10.376349	意味
5113	-10.376954	▁hizo
5114	-10.377666	▁radio
5115	-10.378435	具
5116	-10.378628	능
5117	-10.378657	▁ayrı
5118	-10.378800	資
5119	-10.379124	▁juu
5120	-10.379249	دى
5121	-10.380894	▁nyingi
5122	-10.381021	ambul
5123	-10.381229	०
5124	-10.381282	승
5125	-10.381312	▁material
5126	-10.381703	поль
5127	-10.382087	▁huyo
5128	-10.382279	▁reach
5129	-10.382361	▁дв
5130	-10.382662	$
5131	-10.383563	▁sex
5132	-10.383767	번
5133	-10.383769	段
5134	-10.383769	삼
5135	-10.383770	▁taarifa
5136	-10.383782	chukua
5137	-10.385499	biri
5138	-10.385838	▁habit
5139	-10.385951	▁count
5140	-10.386093	▁सम
5141	-10.386263	▁очень
5142	-10.386264	像
5143	-10.386265	번째
5144	-10.386463	вор
5145	-10.387121	主義
5146	-10.387389	▁dna
5147	-10.388081	ロー
5148	-10.388520	름
5149	-10.388683	▁lime
5150	-10.388763	变
5151	-10.388764	规
5152	-10.388986	▁historia
5153	-10.389052	book
5154	-10.389206	▁उस
5155	-10.389581	fire
5156	-10.390460	▁prima
5157	-10.390473	運
5158	-10.390570	ğü
5159	-10.390685	ист
5160	-10.390732	▁breaking
5161	-10.391111	rico
5162	-10.391269	글
5163	-10.391269	측
5164	-10.391270	▁probably
5165	-10.391376	ший
5166	-10.391433	▁value
5167	-10.391826	▁fedha
5168	-10.392862	ями
5169	-10.393367	▁continue
5170	-10.394012	▁slow
5171	-10.394215	leta
5172	-10.394260	▁added
5173	-10.394605	들의
5174	-10.395114	▁terre
5175	-10.395648	▁mari
5176	-10.395766	85
5177	-10.396141	vy
5178	-10.396299	旗
5179	-10.396309	business
5180	-10.396348	chicken
5181	-10.396497	thursday
5182	-10.396715	sedang
5183	-10.396744	方式
5184	-10.396884	▁permet
5185	-10.396942	throwback
5186	-10.397342	▁pose
5187	-10.397973	वाद
5188	-10.398558	構
5189	-10.398826	황
5190	-10.398889	平均
5191	-10.399349	▁dude
5192	-10.399852	flow
5193	-10.400457	▁pain
5194	-10.401358	צ
5195	-10.401358	브
5196	-10.401360	▁갈색
5197	-10.401367	houston
5198	-10.401393	▁protect
5199	-10.401474	▁case
5200	-10.402085	▁especies
5201	-10.403544	▁tipo
5202	-10.403833	运
5203	-10.403895	▁encuentra
5204	-10.403895	▁i̇talya
5205	-10.403901	▁sababu
5206	-10.403952	▁ذلك
5207	-10.404114	▁government
5208	-10.404840	دت
5209	-10.405065	67
5210	-10.405128	▁час
5211	-10.405558	▁data
5212	-10.405652	fel
5213	-10.405753	▁doğu
5214	-10.406440	hollywood
5215	-10.406446	▁savaş
5216	-10.407930	гов
5217	-10.409207	fitness
5218	-10.409600	ंब
5219	-10.412226	बर
5220	-10.412374	toria
5221	-10.412656	=
5222	-10.412785	downtown
5223	-10.413008	पू
5224	-10.413120	ğı
5225	-10.414113	์
5226	-10.414314	正式
5227	-10.414324	door
5228	-10.414447	古代
5229	-10.415443	▁yağ
5230	-10.416336	校
5231	-10.416368	▁drive
5232	-10.416692	▁behind
5233	-10.416743	▁hedge
5234	-10.416830	atlanta
5235	-10.416857	城市
5236	-10.417089	▁سكان
5237	-10.417496	69
5238	-10.417569	▁бр
5239	-10.417886	goals
5240	-10.417934	ουν
5241	-10.418085	sister
5242	-10.418113	ाया
5243	-10.418750	طن
5244	-10.418796	▁fine
5245	-10.419261	▁शताब्दी
5246	-10.419261	真
5247	-10.419262	富
5248	-10.419262	良
5249	-10.419899	wine
5250	-10.420542	▁sale
5251	-10.420563	▁जल
5252	-10.422699	교육
5253	-10.423651	▁flor
5254	-10.424214	させ
5255	-10.424363	▁disc
5256	-10.424435	予
5257	-10.424484	▁straight
5258	-10.424948	ocean
5259	-10.424982	خص
5260	-10.425022	▁ambao
5261	-10.425163	▁genel
5262	-10.425495	▁gem
5263	-10.425873	▁panic
5264	-10.426148	ड़ी
5265	-10.426172	aint
5266	-10.426263	年代
5267	-10.426478	خت
5268	-10.426554	طلق
5269	-10.426986	ことが
5270	-10.427032	ơ
5271	-10.427032	演
5272	-10.427070	▁arasında
5273	-10.427182	▁morena
5274	-10.427188	▁बड़ा
5275	-10.427333	sweat
5276	-10.428133	пор
5277	-10.428650	89
5278	-10.428684	▁kom
5279	-10.428897	▁gone
5280	-10.428957	▁waka
5281	-10.429043	cheese
5282	-10.429107	وى
5283	-10.429241	▁atom
5284	-10.429541	학교
5285	-10.429637	암
5286	-10.429637	페
5287	-10.429639	吸
5288	-10.429862	▁period
5289	-10.430153	▁zinazo
5290	-10.430476	▁wanted
5291	-10.430889	92
5292	-10.431273	▁oy
5293	-10.432247	车
5294	-10.432248	football
5295	-10.432248	症
5296	-10.432261	▁eğitim
5297	-10.433121	ग्रह
5298	-10.433400	miss
5299	-10.433854	는데
5300	-10.434066	rose
5301	-10.434865	ọ
5302	-10.434866	減
5303	-10.434867	nofilter
5304	-10.434867	頭
5305	-10.434918	▁göz
5306	-10.434943	▁هذا
5307	-10.435010	▁fond
5308	-10.435066	▁मे
5309	-10.435471	square
5310	-10.435817	▁este
5311	-10.436933	▁साल
5312	-10.437152	▁death
5313	-10.437431	cult
5314	-10.437641	▁elon
5315	-10.437739	▁finish
5316	-10.437843	▁कहा
5317	-10.438479	▁adopt
5318	-10.438769	58
5319	-10.439445	カー
5320	-10.439653	▁roma
5321	-10.440122	ค
5322	-10.440122	채
5323	-10.440217	▁production
5324	-10.440384	▁пар
5325	-10.441564	▁uki
5326	-10.442049	иль
5327	-10.442181	دع
5328	-10.442776	▁उत्तर
5329	-10.442806	▁север
5330	-10.443525	water
5331	-10.444468	数学
5332	-10.445089	ど
5333	-10.445159	fen
5334	-10.445405	ụ
5335	-10.445406	即
5336	-10.445407	草
5337	-10.445410	において
5338	-10.445496	开始
5339	-10.445544	يمة
5340	-10.446257	more
5341	-10.448062	役
5342	-10.448323	ليب
5343	-10.450056	एं
5344	-10.450371	terra
5345	-10.450653	農
5346	-10.450718	▁एवं
5347	-10.450719	▁literally
5348	-10.450721	登
5349	-10.450976	▁history
5350	-10.451623	▁bila
5351	-10.451714	vio
5352	-10.451786	▁kuhusu
5353	-10.451789	▁kesi
5354	-10.452654	▁polisi
5355	-10.452676	band
5356	-10.453384	▁người
5357	-10.453387	察
5358	-10.453941	▁eneo
5359	-10.454473	▁usual
5360	-10.455052	mur
5361	-10.455678	▁दर
5362	-10.455887	록
5363	-10.456058	屬
5364	-10.456095	memories
5365	-10.456155	▁contra
5366	-10.456209	んで
5367	-10.456957	最高
5368	-10.457878	инд
5369	-10.458029	▁puede
5370	-10.458053	▁foto
5371	-10.458207	aban
5372	-10.458643	ooo
5373	-10.458738	爾
5374	-10.458740	深
5375	-10.458740	线
5376	-10.458740	침
5377	-10.458742	傳
5378	-10.460019	▁represent
5379	-10.460684	spirit
5380	-10.461003	gio
5381	-10.461428	ò
5382	-10.461428	▁얼굴
5383	-10.461428	案
5384	-10.461428	極
5385	-10.461428	막
5386	-10.461432	雨
5387	-10.461446	▁schön
5388	-10.461448	िंग
5389	-10.461473	▁relax
5390	-10.461499	▁resistance
5391	-10.461559	▁العراق
5392	-10.461606	▁honor
5393	-10.461843	면서
5394	-10.461907	▁wallet
5395	-10.462732	▁гор
5396	-10.463845	展
5397	-10.464049	than
5398	-10.464122	ヒ
5399	-10.464122	經
5400	-10.464123	书
5401	-10.464123	応
5402	-10.464123	關
5403	-10.464171	▁nigga
5404	-10.464207	ंच
5405	-10.464259	dallas
5406	-10.464305	toronto
5407	-10.465330	▁everyday
5408	-10.465676	ум
5409	-10.466265	वार
5410	-10.466784	皇
5411	-10.468370	emba
5412	-10.469512	境
5413	-10.469538	識
5414	-10.469564	▁shopping
5415	-10.470058	علن
5416	-10.470119	▁movie
5417	-10.470450	ियम
5418	-10.470510	▁कै
5419	-10.470635	▁kanser
5420	-10.470852	ebilir
5421	-10.470918	aaaa
5422	-10.471302	▁были
5423	-10.471639	化学
5424	-10.471766	pende
5425	-10.472210	宣
5426	-10.472253	▁время
5427	-10.472254	无
5428	-10.472255	爆
5429	-10.473369	orient
5430	-10.473463	née
5431	-10.474210	▁mort
5432	-10.474949	ское
5433	-10.474972	악
5434	-10.474977	▁राष्ट्र
5435	-10.474978	▁связ
5436	-10.474978	취
5437	-10.474981	马
5438	-10.475054	طول
5439	-10.475128	これ
5440	-10.475174	▁बढ़
5441	-10.475534	▁showing
5442	-10.475907	▁course
5443	-10.476114	系统
5444	-10.476572	▁للأ
5445	-10.476628	ника
5446	-10.477005	государств
5447	-10.477710	▁hücre
5448	-10.477710	져
5449	-10.477711	曲
5450	-10.477715	▁독립
5451	-10.477717	grateful
5452	-10.477727	sunshine
5453	-10.478045	▁single
5454	-10.478094	▁cry
5455	-10.478319	▁yön
5456	-10.478356	cado
5457	-10.478482	ье
5458	-10.479035	ース
5459	-10.479372	▁دولة
5460	-10.479390	▁euro
5461	-10.479496	▁الدين
5462	-10.479803	تهم
5463	-10.479886	▁хр
5464	-10.480080	some
5465	-10.480415	模
5466	-10.480450	२
5467	-10.480451	▁symbolizing
5468	-10.480736	quí
5469	-10.480930	▁continu
5470	-10.480936	connect
5471	-10.481298	uza
5472	-10.481681	ュ
5473	-10.481835	िका
5474	-10.482757	800
5475	-10.482960	शन
5476	-10.483197	련
5477	-10.483198	菌
5478	-10.483199	导
5479	-10.483199	议
5480	-10.483200	两
5481	-10.483212	中央
5482	-10.483316	▁beginning
5483	-10.483695	57
5484	-10.484181	र्क
5485	-10.484281	гер
5486	-10.484322	강
5487	-10.484722	▁arab
5488	-10.485951	据
5489	-10.485951	藩
5490	-10.485952	올
5491	-10.485954	投
5492	-10.486032	ень
5493	-10.486408	▁인구
5494	-10.486833	уз
5495	-10.486964	laşma
5496	-10.487390	▁нас
5497	-10.488634	ём
5498	-10.488734	▁blood
5499	-10.488839	عادة
5500	-10.488900	زل
5501	-10.489058	▁일반
5502	-10.489199	以及
5503	-10.489256	मो
5504	-10.489512	وار
5505	-10.491324	योग
5506	-10.491485	밀
5507	-10.491486	角
5508	-10.491717	理論
5509	-10.491845	لد
5510	-10.492265	austin
5511	-10.492865	88
5512	-10.493467	first
5513	-10.493833	को
5514	-10.494263	々
5515	-10.494263	様
5516	-10.494264	▁المنطقة
5517	-10.494266	▁hidr
5518	-10.494294	▁بدأ
5519	-10.496278	كال
5520	-10.496605	▁전자
5521	-10.496777	▁semi
5522	-10.497048	固
5523	-10.497048	郡
5524	-10.497072	▁धर्म
5525	-10.497707	▁страны
5526	-10.497733	livyo
5527	-10.497757	▁giving
5528	-10.498027	metro
5529	-10.498401	▁speak
5530	-10.498521	انات
5531	-10.499248	ù
5532	-10.499476	▁منذ
5533	-10.499611	viv
5534	-10.499616	▁paper
5535	-10.499784	▁monde
5536	-10.499814	ुल
5537	-10.499841	▁stupid
5538	-10.499841	쪽
5539	-10.499842	準
5540	-10.499850	기를
5541	-10.499968	600
5542	-10.500071	▁بعض
5543	-10.500441	غو
5544	-10.500588	ically
5545	-10.500634	yyy
5546	-10.500870	ويل
5547	-10.500927	нер
5548	-10.501008	▁allow
5549	-10.501105	れる
5550	-10.501283	▁göre
5551	-10.501390	rick
5552	-10.501551	script
5553	-10.502588	葉
5554	-10.502639	균
5555	-10.502643	退
5556	-10.503037	▁độ
5557	-10.503110	▁البحر
5558	-10.503317	▁brand
5559	-10.503335	▁liber
5560	-10.503451	lovemy
5561	-10.503529	suit
5562	-10.504165	рь
5563	-10.504251	▁bae
5564	-10.504967	▁begin
5565	-10.505154	71
5566	-10.505216	bound
5567	-10.505451	▁küçük
5568	-10.505451	▁россии
5569	-10.505477	▁경우
5570	-10.505599	開始
5571	-10.505661	session
5572	-10.505828	▁तो
5573	-10.506492	▁hayo
5574	-10.507441	nail
5575	-10.508268	▁ألمانيا
5576	-10.508268	曾
5577	-10.508268	응
5578	-10.508275	▁huduma
5579	-10.508348	노
5580	-10.508375	独立
5581	-10.508521	▁massive
5582	-10.508522	يّة
5583	-10.509204	تكون
5584	-10.509319	tech
5585	-10.509601	▁करता
5586	-10.509602	vert
5587	-10.510613	ريب
5588	-10.511094	六
5589	-10.511094	컴
5590	-10.511096	ろ
5591	-10.511179	▁convey
5592	-10.511330	거나
5593	-10.511389	्ड
5594	-10.511415	▁joy
5595	-10.511981	니다
5596	-10.512172	हार
5597	-10.512858	▁film
5598	-10.513357	▁bout
5599	-10.513458	▁دور
5600	-10.513748	計
5601	-10.513815	育
5602	-10.513926	anniversary
5603	-10.513926	▁número
5604	-10.513926	든
5605	-10.513926	쓰
5606	-10.513927	習
5607	-10.513936	snapchat
5608	-10.514146	▁cultura
5609	-10.514165	▁대한
5610	-10.514800	▁cul
5611	-10.515023	▁दो
5612	-10.516192	last
5613	-10.516681	典
5614	-10.516767	転
5615	-10.516768	challenge
5616	-10.516786	positive
5617	-10.516843	wcw
5618	-10.516893	▁της
5619	-10.517098	वीं
5620	-10.517547	▁tha
5621	-10.517622	▁обще
5622	-10.517773	▁court
5623	-10.518035	▁celebrate
5624	-10.518065	ंस
5625	-10.518161	▁opt
5626	-10.518249	66
5627	-10.518327	▁cast
5628	-10.518356	nyesha
5629	-10.519615	港
5630	-10.519616	コンピュータ
5631	-10.519616	青
5632	-10.519621	▁существ
5633	-10.519798	▁climat
5634	-10.519807	скую
5635	-10.519816	▁과학
5636	-10.520000	▁throw
5637	-10.520741	game
5638	-10.521780	▁tx
5639	-10.522453	▁sistem
5640	-10.522473	ู
5641	-10.522473	▁населения
5642	-10.522535	▁kabul
5643	-10.522586	pizza
5644	-10.523032	ww
5645	-10.523327	vor
5646	-10.523351	にも
5647	-10.524572	mcm
5648	-10.524702	्यू
5649	-10.524789	pack
5650	-10.524799	ष्ट
5651	-10.525001	▁meeting
5652	-10.525337	征
5653	-10.525338	способ
5654	-10.525340	▁المدينة
5655	-10.525524	люд
5656	-10.525756	97
5657	-10.525887	ас
5658	-10.526037	▁كما
5659	-10.526806	burger
5660	-10.527838	λα
5661	-10.528026	ढ़
5662	-10.528103	增
5663	-10.528211	盟
5664	-10.528212	▁marekani
5665	-10.528213	▁absolutely
5666	-10.528213	短
5667	-10.528214	略
5668	-10.528233	感染
5669	-10.528269	▁역사
5670	-10.528645	生活
5671	-10.529391	▁blast
5672	-10.529443	▁along
5673	-10.529894	저
5674	-10.530381	овые
5675	-10.530397	sept
5676	-10.531052	供
5677	-10.531094	▁salvador
5678	-10.531096	▁sehemu
5679	-10.531255	れば
5680	-10.531485	monday
5681	-10.531513	▁eski
5682	-10.531670	▁weak
5683	-10.531745	овых
5684	-10.532084	▁fut
5685	-10.532154	、19
5686	-10.532236	▁range
5687	-10.532527	▁sheria
5688	-10.532907	▁spent
5689	-10.533970	情
5690	-10.533983	퓨
5691	-10.533984	박
5692	-10.533986	雪
5693	-10.534049	▁япон
5694	-10.534211	通常
5695	-10.534368	▁german
5696	-10.534466	▁السكان
5697	-10.534516	ています
5698	-10.535302	▁была
5699	-10.536025	point
5700	-10.536475	▁holders
5701	-10.536882	▁लगभग
5702	-10.536882	举
5703	-10.536882	依
5704	-10.536882	책
5705	-10.537180	できる
5706	-10.537974	طار
5707	-10.538154	سطح
5708	-10.538849	63
5709	-10.539789	ương
5710	-10.539793	▁energy
5711	-10.539798	一个
5712	-10.539851	ティ
5713	-10.539986	していた
5714	-10.540002	▁mono
5715	-10.540102	▁fail
5716	-10.540120	▁suck
5717	-10.540161	▁pou
5718	-10.540195	▁idiot
5719	-10.540227	ète
5720	-10.540269	▁clear
5721	-10.540669	éré
5722	-10.540915	▁permit
5723	-10.540971	▁années
5724	-10.541767	dream
5725	-10.541881	كبر
5726	-10.541929	oxi
5727	-10.541986	▁oldu
5728	-10.542472	77
5729	-10.542528	社
5730	-10.542706	从
5731	-10.542706	唐
5732	-10.542714	ικό
5733	-10.542733	▁company
5734	-10.543114	empire
5735	-10.543577	原子
5736	-10.544055	▁बे
5737	-10.544314	며
5738	-10.544389	▁priv
5739	-10.544762	ים
5740	-10.544868	▁rocket
5741	-10.545019	لوم
5742	-10.545489	法国
5743	-10.545629	▁период
5744	-10.545630	版
5745	-10.545630	データ
5746	-10.545641	ющие
5747	-10.545868	vier
5748	-10.546391	easter
5749	-10.547739	national
5750	-10.547865	▁comment
5751	-10.548063	صاب
5752	-10.548556	농
5753	-10.548561	▁système
5754	-10.548561	압
5755	-10.548564	込
5756	-10.548565	航
5757	-10.548573	▁incluye
5758	-10.548576	▁average
5759	-10.548670	发展
5760	-10.548712	▁nyumba
5761	-10.548747	▁droit
5762	-10.548779	▁नगर
5763	-10.548974	وري
5764	-10.549522	▁touch
5765	-10.550061	▁sık
5766	-10.550136	кси
5767	-10.550397	jibu
5768	-10.551502	액
5769	-10.551503	▁франц
5770	-10.551528	历史
5771	-10.552030	時間
5772	-10.552063	▁위해
5773	-10.552857	▁poor
5774	-10.553099	पो
5775	-10.553584	▁रख
5776	-10.553602	▁dış
5777	-10.553632	51
5778	-10.554181	人民
5779	-10.554433	感
5780	-10.554860	▁airport
5781	-10.555112	mood
5782	-10.555182	τά
5783	-10.555338	▁supply
5784	-10.556296	stone
5785	-10.556349	不同
5786	-10.556509	ंट
5787	-10.557263	verse
5788	-10.557411	ử
5789	-10.557411	▁español
5790	-10.557411	▁является
5791	-10.557411	座
5792	-10.557509	96
5793	-10.558027	▁transport
5794	-10.559038	ился
5795	-10.559443	▁مؤ
5796	-10.559872	05
5797	-10.560379	还
5798	-10.560383	▁более
5799	-10.560416	▁exchange
5800	-10.560428	64
5801	-10.560793	▁clean
5802	-10.561017	▁होता
5803	-10.561270	▁save
5804	-10.561403	ками
5805	-10.561636	र्ग
5806	-10.561822	▁radi
5807	-10.562076	عمال
5808	-10.562453	़
5809	-10.562820	▁والتي
5810	-10.562878	िला
5811	-10.563354	▁available
5812	-10.563354	▁được
5813	-10.563354	聯
5814	-10.563733	фор
5815	-10.563800	▁लोगों
5816	-10.564070	λη
5817	-10.564262	▁kitu
5818	-10.565209	▁adding
5819	-10.565674	▁joe
5820	-10.566334	존
5821	-10.566339	乱
5822	-10.566339	滅
5823	-10.566366	技術
5824	-10.566384	▁hanging
5825	-10.566794	ology
5826	-10.567156	palm
5827	-10.567291	सम्
5828	-10.567361	цев
5829	-10.567564	そ
5830	-10.567904	변
5831	-10.567965	▁تُ
5832	-10.568383	▁وهي
5833	-10.568387	friend
5834	-10.568520	しい
5835	-10.568699	▁mungu
5836	-10.569334	▁possible
5837	-10.569334	▁uchaguzi
5838	-10.569334	▁اللغة
5839	-10.569335	務
5840	-10.569340	▁fell
5841	-10.569374	規模
5842	-10.569391	▁||
5843	-10.569479	▁karibu
5844	-10.571349	▁kutumia
5845	-10.571358	bling
5846	-10.571432	स्क
5847	-10.572309	▁bara
5848	-10.572329	▁scam
5849	-10.572336	ะ
5850	-10.572370	計算
5851	-10.572774	▁1000
5852	-10.572801	▁दिया
5853	-10.572806	▁части
5854	-10.573293	ough
5855	-10.573804	عود
5856	-10.574416	▁actual
5857	-10.574549	grad
5858	-10.575136	氧
5859	-10.575346	級
5860	-10.575348	▁nüfus
5861	-10.575349	▁mkubwa
5862	-10.575349	皮
5863	-10.575349	精
5864	-10.575349	협
5865	-10.575352	伊
5866	-10.575391	▁amerika
5867	-10.576205	▁perform
5868	-10.576406	masına
5869	-10.578369	隊
5870	-10.578371	โ
5871	-10.578371	往
5872	-10.578371	散
5873	-10.578372	探
5874	-10.578585	▁timu
5875	-10.578902	▁करते
5876	-10.581367	想
5877	-10.581400	▁مجموع
5878	-10.581400	효
5879	-10.581403	带
5880	-10.581469	white
5881	-10.581855	▁tank
5882	-10.582778	▁газ
5883	-10.583076	▁indica
5884	-10.583298	分子
5885	-10.583951	wind
5886	-10.584227	walk
5887	-10.584438	别
5888	-10.584438	又
5889	-10.584439	فلسطين
5890	-10.584440	▁développe
5891	-10.584440	们
5892	-10.584440	邦
5893	-10.584446	electric
5894	-10.586056	▁plantas
5895	-10.586117	▁وقد
5896	-10.586383	▁halk
5897	-10.586510	▁hahaha
5898	-10.587237	look
5899	-10.587488	▁población
5900	-10.587489	骨
5901	-10.587490	只
5902	-10.587602	付け
5903	-10.587605	94
5904	-10.587629	▁थी
5905	-10.587890	すること
5906	-10.587914	▁smart
5907	-10.588443	▁provide
5908	-10.589276	▁petit
5909	-10.589412	ladı
5910	-10.589532	▁fool
5911	-10.589861	وخ
5912	-10.590327	、「
5913	-10.590422	망
5914	-10.590548	實
5915	-10.590548	諸
5916	-10.590551	photographer
5917	-10.590565	▁çıkar
5918	-10.590566	▁독일
5919	-10.590584	▁accept
5920	-10.590607	▁bright
5921	-10.590626	custom
5922	-10.590721	▁часть
5923	-10.591125	يان
5924	-10.591341	▁정부
5925	-10.591427	▁rally
5926	-10.591618	▁koyu
5927	-10.591675	▁कारण
5928	-10.591824	▁मह
5929	-10.591865	▁было
5930	-10.592761	▁gave
5931	-10.593298	▁stage
5932	-10.593394	ライ
5933	-10.593614	[
5934	-10.593614	▁territoire
5935	-10.593615	构
5936	-10.593616	判
5937	-10.593628	▁الألمان
5938	-10.594235	disneyland
5939	-10.594277	▁وهو
5940	-10.594524	▁mkoa
5941	-10.594544	▁taşı
5942	-10.595424	▁كبير
5943	-10.596475	▁prepar
5944	-10.596492	▁جد
5945	-10.596691	级
5946	-10.596750	▁premier
5947	-10.596881	▁politique
5948	-10.597511	▁hivi
5949	-10.597528	ском
5950	-10.597809	▁deep
5951	-10.598119	क्रम
5952	-10.598707	ρό
5953	-10.599130	アル
5954	-10.599777	▁मंदिर
5955	-10.599777	何
5956	-10.599812	世纪
5957	-10.600065	でき
5958	-10.600876	▁jana
5959	-10.602873	극
5960	-10.602873	줄
5961	-10.602875	端
5962	-10.602879	र्त
5963	-10.602886	▁popular
5964	-10.603109	ليم
5965	-10.603304	▁الثاني
5966	-10.603351	地區
5967	-10.605474	59
5968	-10.605787	ιν
5969	-10.605980	▁maeneo
5970	-10.605980	▁العربية
5971	-10.607116	سلام
5972	-10.607995	積
5973	-10.608832	جعل
5974	-10.609094	▁определ
5975	-10.609094	▁составляет
5976	-10.609094	및
5977	-10.609095	▁españa
5978	-10.609096	▁,000
5979	-10.609097	▁hospital
5980	-10.609097	從
5981	-10.609102	nashville
5982	-10.609126	▁certain
5983	-10.609251	系統
5984	-10.609520	自由
5985	-10.609607	▁होने
5986	-10.610507	物質
5987	-10.610545	▁السل
5988	-10.610577	mmm
5989	-10.611323	стра
5990	-10.611361	phil
5991	-10.612198	62
5992	-10.612219	▁thành
5993	-10.612220	네
5994	-10.612395	▁wife
5995	-10.612600	hhh
5996	-10.612938	▁البي
5997	-10.613737	コン
5998	-10.614923	医
5999	-10.615023	93
6000	-10.615242	▁tume
6001	-10.615353	头
6002	-10.615354	५
6003	-10.615354	ข
6004	-10.615354	▁राजधानी
6005	-10.615354	輸
6006	-10.615354	골
6007	-10.615677	▁internet
6008	-10.615726	▁question
6009	-10.615973	▁yanayo
6010	-10.616549	▁parça
6011	-10.616972	ался
6012	-10.617010	мед
6013	-10.617815	▁υπ
6014	-10.617956	▁día
6015	-10.618055	يَّة
6016	-10.618259	पुर
6017	-10.618499	▁शासन
6018	-10.618499	變
6019	-10.618500	アメリカ
6020	-10.618501	ज्ञ
6021	-10.618560	عرب
6022	-10.618653	boot
6023	-10.618690	▁προ
6024	-10.619039	53
6025	-10.619712	ниц
6026	-10.619952	▁اعت
6027	-10.620084	rice
6028	-10.621058	little
6029	-10.621431	देश
6030	-10.621626	습
6031	-10.621653	望
6032	-10.621654	chocolate
6033	-10.621654	▁दक्षिण
6034	-10.621654	ザ
6035	-10.621655	帶
6036	-10.621655	興
6037	-10.621680	습니다
6038	-10.622125	行われ
6039	-10.622245	▁symbol
6040	-10.622519	ёл
6041	-10.622842	يخ
6042	-10.622985	▁estudio
6043	-10.624818	菜
6044	-10.624818	遠
6045	-10.624821	▁farklı
6046	-10.624825	問題
6047	-10.624907	▁들어
6048	-10.624945	▁source
6049	-10.625861	되고
6050	-10.626300	▁seems
6051	-10.626307	ático
6052	-10.626936	سان
6053	-10.627157	▁scar
6054	-10.627656	grand
6055	-10.627993	จ
6056	-10.627993	▁increase
6057	-10.627993	▁между
6058	-10.627994	▁muhimu
6059	-10.627995	碳
6060	-10.628109	festival
6061	-10.628201	▁april
6062	-10.628430	▁sistemi
6063	-10.628730	▁report
6064	-10.628933	gica
6065	-10.628986	▁ndani
6066	-10.629858	ικά
6067	-10.630055	▁kutokana
6068	-10.631100	bour
6069	-10.631175	収
6070	-10.631177	▁프랑스
6071	-10.631177	敗
6072	-10.631180	论
6073	-10.631225	▁target
6074	-10.631265	합니다
6075	-10.631616	生産
6076	-10.631868	하면
6077	-10.632621	tier
6078	-10.632961	▁blow
6079	-10.634023	आ
6080	-10.634199	▁लि
6081	-10.634371	ホ
6082	-10.634372	▁البريطاني
6083	-10.634372	▁الحكومة
6084	-10.634373	▁folks
6085	-10.634374	▁منطقة
6086	-10.634374	注
6087	-10.634434	▁member
6088	-10.634602	▁dili
6089	-10.635748	oooooo
6090	-10.635824	▁الأول
6091	-10.636122	طف
6092	-10.636329	▁одно
6093	-10.636438	إسرائيل
6094	-10.636838	soma
6095	-10.637577	每
6096	-10.637577	울
6097	-10.637578	▁центр
6098	-10.637578	守
6099	-10.637588	▁denomina
6100	-10.637589	▁một
6101	-10.637591	▁concept
6102	-10.637734	79
6103	-10.638269	workout
6104	-10.639071	▁happening
6105	-10.639970	ización
6106	-10.640021	gate
6107	-10.640759	▁düz
6108	-10.640793	puppy
6109	-10.640794	图
6110	-10.640794	村
6111	-10.640796	جمهور
6112	-10.640796	罗
6113	-10.640800	▁biggest
6114	-10.640826	ディ
6115	-10.640883	06
6116	-10.641938	스트
6117	-10.642052	人類
6118	-10.642522	adore
6119	-10.642655	ıcı
6120	-10.642680	èrent
6121	-10.642987	54
6122	-10.644018	▁대통령
6123	-10.644018	禁
6124	-10.644019	▁اليابان
6125	-10.644020	healthy
6126	-10.644020	威
6127	-10.644063	▁कार्य
6128	-10.644072	▁الشمال
6129	-10.644222	▁dropping
6130	-10.644296	client
6131	-10.644364	▁stuff
6132	-10.644438	▁acid
6133	-10.644911	72
6134	-10.645142	▁ولا
6135	-10.645699	quel
6136	-10.645794	▁bday
6137	-10.645891	кон
6138	-10.646496	يست
6139	-10.646632	imba
6140	-10.647253	ヤ
6141	-10.647255	▁opportunity
6142	-10.647256	岩
6143	-10.647260	▁uwezo
6144	-10.647297	▁yaliyo
6145	-10.647399	▁united
6146	-10.647491	▁visage
6147	-10.647812	▁발전
6148	-10.647893	boss
6149	-10.648608	▁solid
6150	-10.648631	▁oil
6151	-10.649775	▁syn
6152	-10.649837	angaza
6153	-10.650049	▁spec
6154	-10.650246	▁global
6155	-10.650482	sofinstagram
6156	-10.650501	▁squeeze
6157	-10.650501	▁από
6158	-10.650503	創
6159	-10.650503	告
6160	-10.650503	封
6161	-10.650505	▁zilizo
6162	-10.650636	▁wenye
6163	-10.651198	める
6164	-10.651255	mou
6165	-10.651577	이라고
6166	-10.651799	▁personal
6167	-10.652159	▁gerek
6168	-10.652335	▁boom
6169	-10.652702	र्ट
6170	-10.652849	라고
6171	-10.653103	68
6172	-10.653670	完
6173	-10.653709	態
6174	-10.653759	▁correspond
6175	-10.653759	繁
6176	-10.653793	▁발견
6177	-10.653820	気候
6178	-10.654656	▁domina
6179	-10.655277	urban
6180	-10.655497	तम
6181	-10.655705	▁bill
6182	-10.655764	プロ
6183	-10.656054	ème
6184	-10.656322	えた
6185	-10.656364	▁авто
6186	-10.656739	74
6187	-10.657026	▁mısır
6188	-10.657026	▁그리스
6189	-10.657026	這
6190	-10.657027	务
6191	-10.657030	▁brought
6192	-10.657048	▁très
6193	-10.657079	文学
6194	-10.657131	입니다
6195	-10.657166	▁개발
6196	-10.657277	▁mwenye
6197	-10.657594	물을
6198	-10.657654	▁kiss
6199	-10.657815	▁partner
6200	-10.658847	ски
6201	-10.659188	그
6202	-10.659376	great
6203	-10.659512	rait
6204	-10.659869	▁jambo
6205	-10.660311	▁astronom
6206	-10.660538	세기
6207	-10.660548	र्ष
6208	-10.660697	されて
6209	-10.660721	▁aussi
6210	-10.660818	royal
6211	-10.662599	راك
6212	-10.663173	νη
6213	-10.663594	築
6214	-10.663595	▁robinhood
6215	-10.663595	离
6216	-10.663595	참
6217	-10.663595	큰
6218	-10.663597	词
6219	-10.663599	▁друг
6220	-10.663601	▁december
6221	-10.663907	です
6222	-10.663926	शी
6223	-10.664065	gold
6224	-10.664068	ור
6225	-10.664662	philly
6226	-10.664795	▁supp
6227	-10.665340	▁sand
6228	-10.666285	▁capa
6229	-10.666894	復
6230	-10.666895	单
6231	-10.666896	▁matematik
6232	-10.666896	폭
6233	-10.666897	员
6234	-10.666897	範
6235	-10.666897	虫
6236	-10.666929	▁waziri
6237	-10.666973	▁वाले
6238	-10.667069	صور
6239	-10.667152	break
6240	-10.667442	hunt
6241	-10.667606	▁présent
6242	-10.668074	▁بشكل
6243	-10.669107	south
6244	-10.670101	73
6245	-10.670193	岸
6246	-10.670207	▁حوالي
6247	-10.670208	夫
6248	-10.670216	▁अन्य
6249	-10.670252	▁figure
6250	-10.670263	information
6251	-10.670369	起こ
6252	-10.670808	ذر
6253	-10.672257	▁cette
6254	-10.672259	homme
6255	-10.673449	組
6256	-10.673529	▁mặt
6257	-10.673529	▁twitter
6258	-10.673530	▁около
6259	-10.673535	▁género
6260	-10.673615	フィ
6261	-10.673624	▁την
6262	-10.673854	sweet
6263	-10.674006	एँ
6264	-10.674504	76
6265	-10.676422	▁flight
6266	-10.676862	happiness
6267	-10.676862	▁इतिहास
6268	-10.676863	張
6269	-10.676863	에너지
6270	-10.676864	铁
6271	-10.676865	seattle
6272	-10.676898	▁언어
6273	-10.677052	saturday
6274	-10.677169	ألف
6275	-10.677257	近代
6276	-10.677265	▁mpya
6277	-10.677785	盛
6278	-10.678005	著作
6279	-10.678316	husu
6280	-10.679847	▁maana
6281	-10.680204	麦
6282	-10.680205	経
6283	-10.680332	▁थे
6284	-10.680414	▁önce
6285	-10.680783	▁rosto
6286	-10.680803	جمع
6287	-10.681421	لى
6288	-10.681566	発生
6289	-10.682096	anywa
6290	-10.682270	istic
6291	-10.682636	义
6292	-10.682641	berg
6293	-10.683173	87
6294	-10.683562	{
6295	-10.683562	師
6296	-10.683563	汉
6297	-10.683599	死亡
6298	-10.683630	社會
6299	-10.683817	ण्ड
6300	-10.684210	▁claire
6301	-10.684464	ток
6302	-10.684544	▁trong
6303	-10.684727	78
6304	-10.685175	▁طا
6305	-10.686545	nova
6306	-10.686930	▁öğren
6307	-10.686930	片
6308	-10.686941	patikana
6309	-10.686943	tattoo
6310	-10.686968	▁jamii
6311	-10.687396	▁आदि
6312	-10.687619	ذكر
6313	-10.687924	ланд
6314	-10.688399	▁joke
6315	-10.688452	▁شر
6316	-10.688511	▁zona
6317	-10.689685	▁asker
6318	-10.690307	슬
6319	-10.690308	▁absolu
6320	-10.690310	干
6321	-10.690313	▁hayvan
6322	-10.690366	▁worry
6323	-10.690368	▁حكم
6324	-10.690622	▁trust
6325	-10.690661	美國
6326	-10.691079	83
6327	-10.691171	▁закон
6328	-10.691353	▁pueden
6329	-10.691606	ись
6330	-10.691936	▁bulunan
6331	-10.692042	र्ज
6332	-10.692669	درا
6333	-10.693697	택
6334	-10.693700	▁research
6335	-10.693714	▁message
6336	-10.693719	instrument
6337	-10.693727	▁grupo
6338	-10.694131	▁predict
6339	-10.694256	▁significa
6340	-10.694580	وصل
6341	-10.695044	ыми
6342	-10.695401	color
6343	-10.695581	ified
6344	-10.696426	▁wengi
6345	-10.696842	▁story
6346	-10.696866	bron
6347	-10.697099	▁الإسلام
6348	-10.697099	▁معتدل
6349	-10.697113	▁الحكم
6350	-10.697172	▁elimu
6351	-10.697181	▁города
6352	-10.697503	基本
6353	-10.697638	▁çalışma
6354	-10.698526	▁επι
6355	-10.699613	amua
6356	-10.700213	صار
6357	-10.700512	毛
6358	-10.700521	经济
6359	-10.700525	▁either
6360	-10.700598	發展
6361	-10.700756	氧化
6362	-10.701118	▁2021
6363	-10.701195	取り
6364	-10.701251	▁영어
6365	-10.701425	▁christ
6366	-10.701985	igne
6367	-10.702441	venue
6368	-10.702462	ασ
6369	-10.702923	ndeki
6370	-10.703937	influence
6371	-10.703937	陆
6372	-10.703937	칭
6373	-10.703938	▁bölü
6374	-10.703938	▁mwisho
6375	-10.703953	▁الحديد
6376	-10.704297	ために
6377	-10.704504	時期
6378	-10.704572	▁especially
6379	-10.704652	61
6380	-10.704952	وطن
6381	-10.705077	▁flip
6382	-10.705750	▁сам
6383	-10.705785	▁войн
6384	-10.706629	brown
6385	-10.707248	付
6386	-10.707372	養
6387	-10.707373	▁территории
6388	-10.707373	室
6389	-10.707374	红
6390	-10.707770	ות
6391	-10.708269	▁yaşam
6392	-10.708721	▁पै
6393	-10.708808	▁العمل
6394	-10.708865	▁sıra
6395	-10.709734	بأ
6396	-10.709849	03
6397	-10.709947	مام
6398	-10.710821	พ
6399	-10.710821	甲
6400	-10.710822	維
6401	-10.710823	запад
6402	-10.710824	臣
6403	-10.710831	▁kaynak
6404	-10.710835	▁извест
6405	-10.710878	▁sınır
6406	-10.710905	french
6407	-10.710946	04
6408	-10.710972	表示
6409	-10.711052	首都
6410	-10.711198	位置
6411	-10.711842	▁homie
6412	-10.711881	rebel
6413	-10.711948	ड़ा
6414	-10.712790	▁incoming
6415	-10.712862	がある
6416	-10.713105	▁само
6417	-10.713908	▁outside
6418	-10.714267	따
6419	-10.714281	]
6420	-10.714281	ỏ
6421	-10.714281	▁biashara
6422	-10.714281	協
6423	-10.714282	ユ
6424	-10.714282	許
6425	-10.714282	逐
6426	-10.714283	便
6427	-10.714283	冬
6428	-10.714283	很
6429	-10.714283	赤
6430	-10.714336	▁honest
6431	-10.714434	▁handsome
6432	-10.714524	▁원자
6433	-10.715087	άν
6434	-10.715129	▁alipo
6435	-10.715238	ческий
6436	-10.715249	▁weekly
6437	-10.715273	ंत्र
6438	-10.715486	▁appear
6439	-10.716486	▁बि
6440	-10.716743	▁rh
6441	-10.717061	▁abd
6442	-10.717564	统
6443	-10.717615	ρά
6444	-10.717753	losangeles
6445	-10.717754	▁الأمريكي
6446	-10.717756	资
6447	-10.717763	▁diğer
6448	-10.717952	84
6449	-10.717999	▁निर्
6450	-10.718014	теп
6451	-10.718257	▁servi
6452	-10.719340	▁whale
6453	-10.719421	▁separa
6454	-10.721011	salon
6455	-10.721207	른
6456	-10.721237	돌
6457	-10.721238	충
6458	-10.721308	▁rule
6459	-10.721494	其他
6460	-10.721514	構成
6461	-10.721977	▁index
6462	-10.722709	▁anaye
6463	-10.723354	▁bah
6464	-10.724445	hani
6465	-10.724734	벌
6466	-10.724735	千
6467	-10.724735	門
6468	-10.724736	استقلال
6469	-10.724737	▁kwenda
6470	-10.724738	▁amount
6471	-10.724749	▁mwezi
6472	-10.724755	▁credit
6473	-10.724763	必要
6474	-10.724898	▁प्रदेश
6475	-10.725267	▁proto
6476	-10.725277	700
6477	-10.725501	▁वै
6478	-10.727015	▁इन
6479	-10.727247	bird
6480	-10.727296	bestfriend
6481	-10.727330	▁simu
6482	-10.727676	▁bora
6483	-10.727856	▁مصر
6484	-10.728024	र्थ
6485	-10.728120	ן
6486	-10.728240	ủ
6487	-10.728243	▁الفرنسي
6488	-10.728243	且
6489	-10.728243	범
6490	-10.728244	肉
6491	-10.728262	▁afrika
6492	-10.728292	▁yapılan
6493	-10.728468	ップ
6494	-10.728598	形式
6495	-10.729137	bride
6496	-10.731529	早
6497	-10.731728	求
6498	-10.731763	蘭
6499	-10.731764	머
6500	-10.731775	▁또는
6501	-10.731779	▁study
6502	-10.731846	ジャ
6503	-10.731990	▁clara
6504	-10.732054	英語
6505	-10.732135	▁кар
6506	-10.732209	▁middle
6507	-10.732231	分野
6508	-10.732452	▁virus
6509	-10.733122	以上
6510	-10.733835	81
6511	-10.735175	印
6512	-10.735297	귀
6513	-10.735298	巨
6514	-10.735299	祖
6515	-10.735302	▁leverage
6516	-10.735308	graf
6517	-10.735370	수는
6518	-10.735943	izado
6519	-10.736144	право
6520	-10.736634	ło
6521	-10.736774	▁mode
6522	-10.737226	bby
6523	-10.738844	û
6524	-10.738844	』
6525	-10.738965	それ
6526	-10.739294	▁spread
6527	-10.739538	▁lugar
6528	-10.740284	세포
6529	-10.740418	ני
6530	-10.740635	▁тр
6531	-10.741267	▁nord
6532	-10.741781	गी
6533	-10.742394	遺
6534	-10.742403	▁تاريخ
6535	-10.742403	描
6536	-10.742403	될
6537	-10.742403	폐
6538	-10.742404	圧
6539	-10.742412	歴史
6540	-10.742441	▁имеет
6541	-10.742484	chris
6542	-10.742538	▁claro
6543	-10.743406	при
6544	-10.743962	▁nft
6545	-10.744701	▁hoja
6546	-10.744813	paint
6547	-10.745061	▁اسم
6548	-10.745248	▁مما
6549	-10.745975	▁температур
6550	-10.745975	兰
6551	-10.745976	燃
6552	-10.745980	概念
6553	-10.745982	▁caught
6554	-10.745986	▁hakuna
6555	-10.746028	▁nguvu
6556	-10.746239	82
6557	-10.746571	▁hall
6558	-10.746593	▁мет
6559	-10.746688	سيطر
6560	-10.747453	其中
6561	-10.747578	▁países
6562	-10.747581	бел
6563	-10.748157	▁knew
6564	-10.748426	▁altın
6565	-10.748482	まれ
6566	-10.748883	▁कु
6567	-10.749533	染
6568	-10.749562	▁pessoa
6569	-10.749596	▁فترة
6570	-10.750424	peak
6571	-10.751287	sign
6572	-10.751520	▁ortaya
6573	-10.752642	▁مُ
6574	-10.753026	日本語
6575	-10.753060	争
6576	-10.753070	är
6577	-10.753156	▁congratulations
6578	-10.753156	▁tofauti
6579	-10.753156	标
6580	-10.753157	▁çevre
6581	-10.753183	▁computer
6582	-10.753212	戦争
6583	-10.753522	▁stick
6584	-10.753575	时期
6585	-10.753583	▁everybody
6586	-10.753962	▁구성
6587	-10.754323	시대
6588	-10.754762	زر
6589	-10.755573	육
6590	-10.755834	▁жив
6591	-10.756113	▁quant
6592	-10.756330	▁ثم
6593	-10.756634	られている
6594	-10.756765	ß
6595	-10.756766	華
6596	-10.756767	複
6597	-10.756777	▁affect
6598	-10.756807	▁correct
6599	-10.757610	▁çin
6600	-10.757712	▁कई
6601	-10.760355	▁snap
6602	-10.760364	ढ
6603	-10.760387	ギ
6604	-10.760388	restaurant
6605	-10.760388	難
6606	-10.760388	림
6607	-10.760389	御
6608	-10.760390	▁confirm
6609	-10.760391	▁oscuro
6610	-10.760420	ئر
6611	-10.760704	▁entire
6612	-10.760816	▁eden
6613	-10.761084	▁mineral
6614	-10.761155	▁seriously
6615	-10.761203	86
6616	-10.761444	▁ülkeler
6617	-10.762980	▁motor
6618	-10.763637	クト
6619	-10.763973	날
6620	-10.764024	フランス
6621	-10.764024	丹
6622	-10.764025	ć
6623	-10.764026	▁bacteria
6624	-10.764026	振
6625	-10.764027	『
6626	-10.764027	九
6627	-10.764030	▁القوات
6628	-10.764056	観測
6629	-10.764060	▁nacional
6630	-10.764261	▁species
6631	-10.764339	moni
6632	-10.764513	▁significant
6633	-10.764687	▁عليه
6634	-10.764954	ους
6635	-10.765169	▁bild
6636	-10.765173	▁wote
6637	-10.765226	トラ
6638	-10.765412	개의
6639	-10.765522	▁finger
6640	-10.765836	▁convert
6641	-10.766936	้า
6642	-10.767143	ification
6643	-10.767434	argent
6644	-10.767674	糖
6645	-10.767675	复
6646	-10.767675	패
6647	-10.767676	维
6648	-10.767694	▁children
6649	-10.767811	▁वाला
6650	-10.768044	都市
6651	-10.768694	guard
6652	-10.769169	法國
6653	-10.769842	щей
6654	-10.770549	celebration
6655	-10.771335	组
6656	-10.771338	८
6657	-10.771338	▁faccina
6658	-10.771338	▁बहुत
6659	-10.771338	ぶ
6660	-10.771340	ご
6661	-10.771365	▁مليون
6662	-10.771369	▁महिला
6663	-10.771391	▁document
6664	-10.771473	▁haut
6665	-10.772103	صنا
6666	-10.772247	elewa
6667	-10.772337	▁000
6668	-10.775014	▁including
6669	-10.775014	▁निर्माण
6670	-10.775042	▁guerre
6671	-10.775533	▁사회
6672	-10.775567	▁생산
6673	-10.775777	ίας
6674	-10.776116	ांत
6675	-10.776653	行星
6676	-10.777946	▁match
6677	-10.778238	buck
6678	-10.778387	よ
6679	-10.778548	وظ
6680	-10.778598	鉄
6681	-10.778704	ช
6682	-10.778704	▁характер
6683	-10.778704	완
6684	-10.778706	▁digital
6685	-10.778706	側
6686	-10.778707	游
6687	-10.778784	▁shule
6688	-10.778996	▁अर्थ
6689	-10.779126	▁ainsi
6690	-10.779349	물질
6691	-10.780104	▁remind
6692	-10.780151	▁largest
6693	-10.780255	▁बु
6694	-10.781390	cafe
6695	-10.781587	07
6696	-10.781973	high
6697	-10.782190	valen
6698	-10.782410	▁describe
6699	-10.782521	▁various
6700	-10.782704	classic
6701	-10.784395	▁deniz
6702	-10.784410	▁considera
6703	-10.785232	南部
6704	-10.786015	▁dağ
6705	-10.786125	애
6706	-10.786128	▁afternoon
6707	-10.786131	▁باسم
6708	-10.787086	▁temel
6709	-10.787305	最早
6710	-10.787829	▁üç
6711	-10.789725	مارس
6712	-10.789857	なかった
6713	-10.789857	길
6714	-10.789858	▁quốc
6715	-10.789858	步
6716	-10.789859	▁coinbase
6717	-10.789862	經濟
6718	-10.789868	▁guerra
6719	-10.789886	▁fazla
6720	-10.789997	▁अंत
6721	-10.790046	▁anymore
6722	-10.790062	ائم
6723	-10.790359	語言
6724	-10.790611	▁قام
6725	-10.791065	▁pris
6726	-10.791784	▁이상
6727	-10.793480	楽
6728	-10.793602	▁केंद्र
6729	-10.793602	留
6730	-10.793603	▁năm
6731	-10.793765	と呼ばれる
6732	-10.794088	▁earn
6733	-10.794147	▁δι
6734	-10.794445	▁kwanza
6735	-10.794508	制度
6736	-10.796014	▁आय
6737	-10.796484	▁planeta
6738	-10.796613	▁afya
6739	-10.797361	▁maendeleo
6740	-10.797361	似
6741	-10.797363	親
6742	-10.797366	▁edildi
6743	-10.797374	▁similar
6744	-10.797440	▁return
6745	-10.797641	▁중심
6746	-10.797814	▁масс
6747	-10.798833	week
6748	-10.799110	راق
6749	-10.799321	▁واست
6750	-10.801135	ไ
6751	-10.801135	▁january
6752	-10.801135	▁kuhakikisha
6753	-10.801135	息
6754	-10.801135	才
6755	-10.801137	处
6756	-10.801138	准
6757	-10.801146	▁فاتح
6758	-10.801148	jersey
6759	-10.801197	museum
6760	-10.802920	غال
6761	-10.803185	▁tarihi
6762	-10.804880	總
6763	-10.804923	▁темный
6764	-10.804923	닌
6765	-10.804940	▁escura
6766	-10.804944	関係
6767	-10.804948	▁typical
6768	-10.805470	▁gelap
6769	-10.806051	▁chiara
6770	-10.808061	xmas
6771	-10.808560	▁representa
6772	-10.808725	▁abbastanza
6773	-10.808725	则
6774	-10.808725	効
6775	-10.808726	决
6776	-10.808728	八
6777	-10.808734	▁provincia
6778	-10.808848	▁officially
6779	-10.808885	▁merkez
6780	-10.808958	▁yaptı
6781	-10.809081	▁scura
6782	-10.811495	▁eje
6783	-10.812118	▁habla
6784	-10.812541	곡
6785	-10.812542	‘
6786	-10.812542	▁associated
6787	-10.812542	케
6788	-10.812545	▁hareket
6789	-10.812546	▁güç
6790	-10.812726	▁femme
6791	-10.812728	으나
6792	-10.812759	▁शा
6793	-10.812768	▁patient
6794	-10.813010	进行
6795	-10.813038	▁cerah
6796	-10.813316	分類
6797	-10.813684	▁тре
6798	-10.813867	ã
6799	-10.814267	之一
6800	-10.814326	лён
6801	-10.815323	super
6802	-10.816371	ヴ
6803	-10.816374	▁ثلاث
6804	-10.816374	说
6805	-10.816381	▁tatizo
6806	-10.816390	▁درجة
6807	-10.816422	政策
6808	-10.816530	▁사망
6809	-10.816554	スク
6810	-10.816774	▁egg
6811	-10.816796	▁adult
6812	-10.817908	scene
6813	-10.818734	▁수학
6814	-10.819244	▁kent
6815	-10.820069	ュー
6816	-10.820149	候
6817	-10.820217	包
6818	-10.820219	युक्त
6819	-10.820219	▁shughuli
6820	-10.820220	序
6821	-10.820222	互
6822	-10.820240	purple
6823	-10.820302	支配
6824	-10.820315	▁okay
6825	-10.820322	シャ
6826	-10.820361	▁türkçe
6827	-10.820498	▁issue
6828	-10.820519	▁yerleş
6829	-10.820632	▁bilgi
6830	-10.820712	▁propos
6831	-10.821364	müş
6832	-10.821842	▁victor
6833	-10.822338	へ
6834	-10.824080	▁yardım
6835	-10.824080	兩
6836	-10.824080	獲
6837	-10.824081	宋
6838	-10.824081	追
6839	-10.824090	▁포함
6840	-10.824104	espèce
6841	-10.824195	▁contain
6842	-10.824290	영
6843	-10.824476	instagram
6844	-10.824501	原因
6845	-10.824960	▁이후
6846	-10.825712	burg
6847	-10.825940	▁буд
6848	-10.826581	▁2020
6849	-10.827409	▁लोग
6850	-10.827956	▁potential
6851	-10.827956	▁светлый
6852	-10.827957	▁différ
6853	-10.827957	创
6854	-10.827957	挙
6855	-10.827967	delicious
6856	-10.828006	▁απο
6857	-10.828111	統治
6858	-10.828358	▁παρ
6859	-10.828550	▁지방
6860	-10.829776	ıyor
6861	-10.830088	로서
6862	-10.830759	タン
6863	-10.831055	▁الصين
6864	-10.831847	▁gobierno
6865	-10.831847	클
6866	-10.831849	苏
6867	-10.831909	提供
6868	-10.832145	▁concentra
6869	-10.833064	2%
6870	-10.833709	▁القمر
6871	-10.834137	▁इं
6872	-10.834201	▁favor
6873	-10.834306	destin
6874	-10.834676	▁scared
6875	-10.834723	▁род
6876	-10.834881	になる
6877	-10.835562	ャ
6878	-10.835713	亡
6879	-10.835753	ْ
6880	-10.835753	▁पहले
6881	-10.835753	値
6882	-10.835753	겨
6883	-10.835754	余
6884	-10.835762	▁جزء
6885	-10.835768	▁العديد
6886	-10.835771	化合物
6887	-10.835775	εται
6888	-10.836316	île
6889	-10.836425	用いられ
6890	-10.836448	▁nje
6891	-10.836777	▁moyen
6892	-10.837523	への
6893	-10.838344	▁wide
6894	-10.838373	▁сил
6895	-10.839049	أب
6896	-10.839415	horse
6897	-10.839673	党
6898	-10.839675	藏
6899	-10.839676	विज्ञान
6900	-10.839676	▁अपने
6901	-10.839677	還
6902	-10.839678	▁времен
6903	-10.839678	声
6904	-10.839694	▁participa
6905	-10.839705	▁wajah
6906	-10.839735	▁उपयोग
6907	-10.839797	▁başka
6908	-10.839857	第二
6909	-10.839903	金属
6910	-10.840065	하면서
6911	-10.840074	ью
6912	-10.840191	ears
6913	-10.840626	▁principales
6914	-10.840906	万人
6915	-10.841006	▁hype
6916	-10.841009	電子
6917	-10.841132	ました
6918	-10.841466	power
6919	-10.843465	独
6920	-10.843472	기관
6921	-10.843612	批
6922	-10.843613	}
6923	-10.843613	ì
6924	-10.843613	ז
6925	-10.843613	पश्चिम
6926	-10.843613	▁desarrolla
6927	-10.843614	▁عندما
6928	-10.843621	▁создан
6929	-10.843684	▁веке
6930	-10.843952	▁wtf
6931	-10.844807	▁하나
6932	-10.845248	▁realize
6933	-10.846957	▁host
6934	-10.847558	細
6935	-10.847565	६
6936	-10.847565	▁diamond
6937	-10.847565	終
6938	-10.847566	▁général
6939	-10.847566	操
6940	-10.847566	黄
6941	-10.847572	▁surface
6942	-10.847597	▁tarım
6943	-10.847606	latergram
6944	-10.847809	▁경제
6945	-10.847816	▁punto
6946	-10.848056	चे
6947	-10.848527	まり
6948	-10.848677	ικές
6949	-10.848809	▁राजा
6950	-10.848867	उ
6951	-10.849179	作用
6952	-10.849905	シュ
6953	-10.849907	▁admin
6954	-10.851118	κτ
6955	-10.851510	▁전기
6956	-10.851532	乳
6957	-10.851533	となった
6958	-10.851533	松
6959	-10.851533	워
6960	-10.851534	ุ
6961	-10.851534	▁experiment
6962	-10.851534	观
6963	-10.851534	곱
6964	-10.851574	▁остров
6965	-10.851588	控制
6966	-10.851795	▁suala
6967	-10.852180	legend
6968	-10.852228	▁wearing
6969	-10.852263	discover
6970	-10.853463	ープ
6971	-10.853951	▁стар
6972	-10.854798	▁planet
6973	-10.855517	manhattan
6974	-10.855517	▁только
6975	-10.855649	▁remain
6976	-10.855684	発展
6977	-10.855746	▁grec
6978	-10.855767	▁구조
6979	-10.855793	交通
6980	-10.856057	学校
6981	-10.857743	▁mbali
6982	-10.858722	08
6983	-10.859316	初期
6984	-10.859517	▁المناطق
6985	-10.859517	適
6986	-10.859527	▁instead
6987	-10.859774	同じ
6988	-10.859941	発見
6989	-10.860682	▁의해
6990	-10.861583	▁عب
6991	-10.861984	地理
6992	-10.862704	market
6993	-10.863498	▁ग्र
6994	-10.863531	羅
6995	-10.863533	उत्पाद
6996	-10.863533	पूर्ण
6997	-10.863533	▁strength
6998	-10.863533	륙
6999	-10.863533	먹
7000	-10.863534	顔
7001	-10.863535	▁character
7002	-10.863535	晶
7003	-10.863535	记
7004	-10.863548	▁따라
7005	-10.863750	▁श्र
7006	-10.863768	▁الطب
7007	-10.863786	▁tierra
7008	-10.863997	روب
7009	-10.864174	ăng
7010	-10.864450	▁hydro
7011	-10.866743	▁katı
7012	-10.866850	▁états
7013	-10.867251	astro
7014	-10.867564	急
7015	-10.867564	转
7016	-10.867565	划
7017	-10.867565	场
7018	-10.867566	阳
7019	-10.867567	延
7020	-10.867567	强
7021	-10.867567	际
7022	-10.867569	▁güneş
7023	-10.867569	七
7024	-10.867582	▁الجنوب
7025	-10.867792	活動
7026	-10.868025	方言
7027	-10.868111	дель
7028	-10.868369	▁duniani
7029	-10.868429	▁dunia
7030	-10.868624	focus
7031	-10.870173	▁hà
7032	-10.871470	▁track
7033	-10.871614	partícula
7034	-10.871614	▁pouvoir
7035	-10.871614	▁यहाँ
7036	-10.871614	走
7037	-10.871615	▁november
7038	-10.871662	▁durante
7039	-10.872007	▁이름
7040	-10.873602	▁2010
7041	-10.874188	▁nobody
7042	-10.875158	▁सह
7043	-10.875478	american
7044	-10.875679	ः
7045	-10.875679	▁gouvernement
7046	-10.875679	李
7047	-10.875681	章
7048	-10.875682	について
7049	-10.875683	▁première
7050	-10.875687	▁alfabe
7051	-10.875694	▁vijana
7052	-10.875704	▁origen
7053	-10.875718	▁मूल
7054	-10.876001	▁mujer
7055	-10.876358	ость
7056	-10.876850	ёр
7057	-10.878081	▁коло
7058	-10.879760	ื
7059	-10.879761	▁structure
7060	-10.879761	选
7061	-10.879761	담
7062	-10.879762	避
7063	-10.879764	宮
7064	-10.879770	▁gelişti
7065	-10.879795	▁machine
7066	-10.879812	▁attack
7067	-10.879819	▁достиг
7068	-10.879830	▁proceso
7069	-10.879913	成功
7070	-10.879956	▁causa
7071	-10.880404	ميز
7072	-10.880798	систем
7073	-10.880801	▁지구
7074	-10.881245	smile
7075	-10.881542	▁glass
7076	-10.882029	original
7077	-10.882440	▁twin
7078	-10.882617	▁δια
7079	-10.882813	▁uzay
7080	-10.883859	および
7081	-10.883859	混
7082	-10.883861	擊
7083	-10.883862	冷
7084	-10.883867	▁beyond
7085	-10.883883	▁işaret
7086	-10.883962	....#
7087	-10.884182	▁기술
7088	-10.884272	▁बार
7089	-10.884421	▁εκ
7090	-10.884539	초
7091	-10.884541	▁атом
7092	-10.884622	▁kenya
7093	-10.885276	jesus
7094	-10.887945	제를
7095	-10.887974	黑
7096	-10.887975	▁çeşitli
7097	-10.887975	システム
7098	-10.887975	査
7099	-10.887976	▁học
7100	-10.887976	客
7101	-10.887998	oftheday
7102	-10.888085	▁yunan
7103	-10.888217	▁swing
7104	-10.888303	▁बड़ी
7105	-10.888330	▁calcul
7106	-10.888522	女性
7107	-10.888604	▁build
7108	-10.889225	▁ajili
7109	-10.889649	ियो
7110	-10.890687	▁раздел
7111	-10.892104	福
7112	-10.892107	▁superficie
7113	-10.892107	▁मध्य
7114	-10.892108	雲
7115	-10.892109	危
7116	-10.892122	▁mmoja
7117	-10.892130	軌道
7118	-10.892133	▁kweli
7119	-10.892338	▁dünyanın
7120	-10.892348	▁واحد
7121	-10.892612	させる
7122	-10.892739	英国
7123	-10.892760	ональн
7124	-10.892817	▁naturel
7125	-10.892925	alpha
7126	-10.893410	▁fud
7127	-10.895519	▁حول
7128	-10.896254	牛
7129	-10.896256	४
7130	-10.896256	▁currency
7131	-10.896256	▁royaume
7132	-10.896256	▁watanzania
7133	-10.896256	▁الأراضي
7134	-10.896256	▁जनसंख्या
7135	-10.896256	▁हुए
7136	-10.896267	▁المياه
7137	-10.896276	歷史
7138	-10.897375	となる
7139	-10.897857	shauri
7140	-10.898040	season
7141	-10.898091	考え
7142	-10.898949	관계
7143	-10.899619	greg
7144	-10.900185	ィ
7145	-10.900398	▁epic
7146	-10.900423	▁दुनिया
7147	-10.900600	ذهب
7148	-10.900792	が多い
7149	-10.900862	▁truly
7150	-10.901041	ול
7151	-10.901219	▁kullanılan
7152	-10.901665	▁recover
7153	-10.901679	▁realiza
7154	-10.903105	天文
7155	-10.903220	表現
7156	-10.904495	▁सो
7157	-10.904607	▁không
7158	-10.904607	▁mahakama
7159	-10.904607	▁이루어
7160	-10.904609	▁الأوروبي
7161	-10.904609	▁الحديث
7162	-10.904609	を受け
7163	-10.904613	▁wanawake
7164	-10.904945	だけ
7165	-10.904965	▁detect
7166	-10.905248	▁против
7167	-10.905829	▁दिन
7168	-10.906067	morning
7169	-10.906196	grind
7170	-10.906427	▁देशों
7171	-10.906898	عقد
7172	-10.906929	म्ब
7173	-10.907195	てきた
7174	-10.908713	▁estima
7175	-10.908807	階
7176	-10.908809	•••
7177	-10.908809	▁التاريخ
7178	-10.908809	华
7179	-10.908809	歐
7180	-10.908810	博
7181	-10.908810	炭
7182	-10.908812	▁ولكن
7183	-10.908894	▁कुछ
7184	-10.909219	▁constant
7185	-10.909233	▁नदी
7186	-10.909582	تطور
7187	-10.910247	accord
7188	-10.910308	역학
7189	-10.910616	해서
7190	-10.911491	▁rather
7191	-10.913028	▁gerçekleş
7192	-10.913028	▁групп
7193	-10.913028	▁женщин
7194	-10.913028	づ
7195	-10.913028	혼
7196	-10.913029	▁hopefully
7197	-10.913029	ション
7198	-10.913029	符
7199	-10.913051	▁depuis
7200	-10.913088	▁özellikle
7201	-10.913101	▁paid
7202	-10.913140	▁floor
7203	-10.913304	英國
7204	-10.913352	related
7205	-10.913393	▁конце
7206	-10.914470	вшие
7207	-10.914824	▁كبيرة
7208	-10.915092	▁existen
7209	-10.915426	▁kanun
7210	-10.915663	▁chillin
7211	-10.916264	homecoming
7212	-10.916798	▁cree
7213	-10.917213	革
7214	-10.917216	技
7215	-10.917264	盤
7216	-10.917265	▁الاتحاد
7217	-10.917265	▁التعليم
7218	-10.917265	착
7219	-10.917267	旧
7220	-10.917268	図
7221	-10.917332	village
7222	-10.917971	▁woo
7223	-10.918110	帝国
7224	-10.918392	▁जाने
7225	-10.918444	▁brasil
7226	-10.919257	▁1960
7227	-10.920841	ă
7228	-10.921494	ほ
7229	-10.921520	؛
7230	-10.921520	▁граждан
7231	-10.921521	▁معظم
7232	-10.921521	益
7233	-10.921522	載
7234	-10.921564	▁release
7235	-10.921751	▁लगा
7236	-10.921752	▁investiga
7237	-10.922502	土地
7238	-10.922503	δο
7239	-10.922741	也是
7240	-10.923717	」「
7241	-10.925353	hhhh
7242	-10.925786	필
7243	-10.925794	▁चेहरा
7244	-10.925794	▁साहित्य
7245	-10.925794	ぼ
7246	-10.925796	倍
7247	-10.925796	较
7248	-10.925797	▁प्राप्त
7249	-10.925797	俄
7250	-10.925798	gesicht
7251	-10.925807	▁yönetim
7252	-10.925925	freedom
7253	-10.925930	▁전쟁
7254	-10.925997	▁güney
7255	-10.926108	았다
7256	-10.928041	▁bölgeler
7257	-10.930085	县
7258	-10.930086	architect
7259	-10.930086	▁financial
7260	-10.930086	查
7261	-10.930086	门
7262	-10.930086	층
7263	-10.930087	▁sıcak
7264	-10.930087	網
7265	-10.930087	說
7266	-10.930099	▁mfumo
7267	-10.930115	époque
7268	-10.930140	wheel
7269	-10.930464	identifi
7270	-10.930581	▁도시
7271	-10.930587	marin
7272	-10.930680	分布
7273	-10.930713	inspire
7274	-10.931275	主义
7275	-10.931828	▁150
7276	-10.932586	année
7277	-10.934021	ddle
7278	-10.934346	农
7279	-10.934395	囲
7280	-10.934396	▁energía
7281	-10.934396	▁période
7282	-10.934396	▁également
7283	-10.934396	編
7284	-10.934396	락
7285	-10.934397	७
7286	-10.934397	▁reunited
7287	-10.934399	▁kipindi
7288	-10.934399	▁الرياض
7289	-10.934399	佔
7290	-10.934524	▁estudia
7291	-10.934912	اوية
7292	-10.936007	▁cutie
7293	-10.936203	▁organism
7294	-10.936978	▁asset
7295	-10.937678	इट
7296	-10.938101	tree
7297	-10.938570	되지
7298	-10.938586	▁okul
7299	-10.938725	검
7300	-10.938725	▁estructura
7301	-10.938725	▁meydana
7302	-10.938725	▁يمكن
7303	-10.938725	▁최초의
7304	-10.938725	效
7305	-10.938726	▁blockchain
7306	-10.938726	岛
7307	-10.938727	把
7308	-10.938731	خفض
7309	-10.938734	▁même
7310	-10.938749	▁ilişki
7311	-10.938810	▁वाली
7312	-10.938876	▁öldü
7313	-10.938964	▁otros
7314	-10.939753	▁sunny
7315	-10.939795	んだ
7316	-10.942521	北部
7317	-10.942774	logical
7318	-10.942902	vegan
7319	-10.943067	念
7320	-10.943073	تأثير
7321	-10.943073	널
7322	-10.943073	쿠
7323	-10.943074	编
7324	-10.943090	▁conserva
7325	-10.943096	▁сме
7326	-10.943103	▁produit
7327	-10.943181	▁형성
7328	-10.943369	married
7329	-10.943693	▁bunch
7330	-10.943899	follow
7331	-10.944087	▁2007
7332	-10.947374	▁tangan
7333	-10.947439	▁progress
7334	-10.947439	左
7335	-10.947439	故
7336	-10.947439	허
7337	-10.947440	물리학
7338	-10.947443	▁religion
7339	-10.947445	▁tweet
7340	-10.947498	革命
7341	-10.947794	▁indicate
7342	-10.947865	▁geniş
7343	-10.948256	しており
7344	-10.948356	▁durum
7345	-10.949033	freak
7346	-10.949809	▁outfit
7347	-10.951825	株
7348	-10.951825	障
7349	-10.951826	▁i̇ngiliz
7350	-10.951826	▁그레고리력으로
7351	-10.951826	탈
7352	-10.951827	照
7353	-10.951827	督
7354	-10.951828	であった
7355	-10.951828	击
7356	-10.951838	▁science
7357	-10.951846	▁mjini
7358	-10.951889	▁날에
7359	-10.952122	▁crist
7360	-10.952409	glas
7361	-10.952825	▁годов
7362	-10.953222	運動
7363	-10.953268	▁bunge
7364	-10.953381	面積
7365	-10.955009	ريف
7366	-10.955774	ñ
7367	-10.955997	飛
7368	-10.956231	▁territorio
7369	-10.956231	▁व्यक्ति
7370	-10.956232	▁particular
7371	-10.956232	介
7372	-10.956235	▁الطاقة
7373	-10.956236	経済
7374	-10.956240	이라는
7375	-10.956243	▁tiempo
7376	-10.956323	▁संबंध
7377	-10.956378	▁fransa
7378	-10.956520	▁만들어
7379	-10.956525	▁angeles
7380	-10.956526	▁protein
7381	-10.956561	管理
7382	-10.956578	▁क्र
7383	-10.957278	▁народ
7384	-10.959559	ियाँ
7385	-10.960107	▁yakın
7386	-10.960311	दार
7387	-10.960654	希
7388	-10.960655	▁класс
7389	-10.960655	沙
7390	-10.960655	잡
7391	-10.960656	▁nước
7392	-10.960656	▁şekil
7393	-10.960656	▁महत्वपूर्ण
7394	-10.960656	中华人民共和国
7395	-10.960656	廷
7396	-10.960657	久
7397	-10.960657	束
7398	-10.960661	▁vizuri
7399	-10.960661	▁평균
7400	-10.960670	starbucks
7401	-10.960762	▁mouth
7402	-10.960769	▁문화
7403	-10.960986	▁held
7404	-10.961271	▁우주
7405	-10.961901	▁alert
7406	-10.962391	ब्र
7407	-10.963496	σαν
7408	-10.963857	▁organiza
7409	-10.964250	▁통해
7410	-10.964769	▁лес
7411	-10.964833	▁mengi
7412	-10.964984	動物
7413	-10.965100	ções
7414	-10.965100	▁birleşik
7415	-10.965100	▁happiest
7416	-10.965100	升
7417	-10.965100	授
7418	-10.965100	残
7419	-10.965100	町
7420	-10.965101	▁commercial
7421	-10.965101	における
7422	-10.965101	應
7423	-10.965126	▁network
7424	-10.965222	▁appelé
7425	-10.965253	▁kuzey
7426	-10.965268	认为
7427	-10.965322	▁slave
7428	-10.965344	▁yük
7429	-10.965457	▁أساس
7430	-10.965699	提出
7431	-10.965750	عالم
7432	-10.966061	▁divide
7433	-10.966122	最初
7434	-10.967722	예
7435	-10.969004	كثر
7436	-10.969564	▁bilgisayar
7437	-10.969565	merrychristmas
7438	-10.969565	▁wanafunzi
7439	-10.969565	▁विकास
7440	-10.969566	春
7441	-10.969644	sunrise
7442	-10.969663	哲学
7443	-10.969678	▁august
7444	-10.969754	ability
7445	-10.969779	宗教
7446	-10.969958	donald
7447	-10.971038	▁ppl
7448	-10.971082	クロ
7449	-10.971529	τερ
7450	-10.971881	サイ
7451	-10.973527	historic
7452	-10.974049	▁संस्कृत
7453	-10.974049	価
7454	-10.974049	総
7455	-10.974052	▁english
7456	-10.974053	▁wilaya
7457	-10.974063	▁mkono
7458	-10.974072	▁여러
7459	-10.974092	▁área
7460	-10.974159	καν
7461	-10.974181	▁दूर
7462	-10.974204	lasvegas
7463	-10.974222	였다
7464	-10.974263	通过
7465	-10.974324	로부터
7466	-10.974332	▁mikro
7467	-10.974447	غزو
7468	-10.974499	still
7469	-10.976518	eştir
7470	-10.977386	▁electron
7471	-10.977488	school
7472	-10.978553	板
7473	-10.978553	늘
7474	-10.978554	▁संख्या
7475	-10.978555	寒
7476	-10.978557	▁kawaida
7477	-10.978568	▁آخر
7478	-10.978569	▁attention
7479	-10.978586	▁était
7480	-10.978626	▁وجود
7481	-10.978727	▁문자
7482	-10.978797	▁प्रयोग
7483	-10.978966	定義
7484	-10.979199	▁المدن
7485	-10.981609	▁kaldı
7486	-10.981631	invent
7487	-10.981846	decor
7488	-10.982027	▁olması
7489	-10.982872	▁jour
7490	-10.982959	▁diller
7491	-10.983078	च्छ
7492	-10.983078	▁military
7493	-10.983078	佛
7494	-10.983078	樹
7495	-10.983079	ドイツ
7496	-10.983079	获
7497	-10.983080	谷
7498	-10.983081	▁quality
7499	-10.983081	轉
7500	-10.983101	需要
7501	-10.983164	▁школ
7502	-10.983224	音楽
7503	-10.983776	▁الخل
7504	-10.983912	эк
7505	-10.984011	▁2008
7506	-10.986074	▁وضع
7507	-10.986167	عتقد
7508	-10.986443	origine
7509	-10.986534	▁magical
7510	-10.986746	ahidi
7511	-10.987410	律
7512	-10.987475	boyfriend
7513	-10.987622	透
7514	-10.987623	송
7515	-10.987624	儿
7516	-10.987624	풍
7517	-10.987628	节
7518	-10.987638	朝鮮
7519	-10.987643	▁tedavi
7520	-10.987673	▁طريق
7521	-10.987748	▁trouve
7522	-10.987923	▁의미
7523	-10.988859	▁penny
7524	-10.989040	تحدث
7525	-10.989560	قسم
7526	-10.991643	▁ذات
7527	-10.991944	▁grill
7528	-10.992189	ऐ
7529	-10.992189	ỉ
7530	-10.992190	३
7531	-10.992190	▁ethereum
7532	-10.992190	视
7533	-10.992190	찰
7534	-10.992192	衰
7535	-10.992193	荷
7536	-10.992198	▁존재
7537	-10.992229	▁özel
7538	-10.992247	保護
7539	-10.992443	直接
7540	-10.992826	ético
7541	-10.992867	具有
7542	-10.995971	issant
7543	-10.996520	採
7544	-10.996745	観
7545	-10.996777	ψ
7546	-10.996777	▁akciğer
7547	-10.996778	obsessed
7548	-10.996778	▁announce
7549	-10.996778	▁plusieurs
7550	-10.996778	▁아미노산
7551	-10.996778	▁gezegen
7552	-10.996778	▁nuclear
7553	-10.996778	热
7554	-10.996779	大きな
7555	-10.996781	奥
7556	-10.996795	▁söz
7557	-10.996899	▁breath
7558	-10.997034	▁방법
7559	-10.997051	▁concern
7560	-10.997097	льная
7561	-10.997166	▁construction
7562	-10.997215	▁много
7563	-10.997581	造成
7564	-11.001275	均
7565	-11.001382	伯
7566	-11.001386	▁earlier
7567	-11.001386	▁प्रसिद्ध
7568	-11.001389	october
7569	-11.001396	▁العسكري
7570	-11.001410	情報
7571	-11.001431	▁biçim
7572	-11.001434	००
7573	-11.001538	分析
7574	-11.001554	▁वर्ग
7575	-11.001743	ής
7576	-11.001834	元素
7577	-11.002569	▁llega
7578	-11.003587	▁weird
7579	-11.004828	очно
7580	-11.005529	ondoa
7581	-11.006015	▁ekonomi
7582	-11.006015	▁kültür
7583	-11.006015	▁ukraine
7584	-11.006015	▁हुई
7585	-11.006015	ヘ
7586	-11.006016	▁object
7587	-11.006016	징
7588	-11.006017	▁với
7589	-11.006017	▁نسبة
7590	-11.006017	那
7591	-11.006035	▁tayari
7592	-11.006042	mexican
7593	-11.006200	▁ново
7594	-11.006453	▁που
7595	-11.006516	▁होती
7596	-11.006801	▁created
7597	-11.007107	移民
7598	-11.007112	▁정치
7599	-11.007202	▁wengine
7600	-11.007448	バー
7601	-11.007493	▁सीमा
7602	-11.008529	▁1945
7603	-11.010666	ý
7604	-11.010667	त्मक
7605	-11.010667	▁üzerinde
7606	-11.010667	聚
7607	-11.010668	読
7608	-11.010670	職
7609	-11.010678	▁처음
7610	-11.010700	記録
7611	-11.010874	▁lmfao
7612	-11.013791	yordu
7613	-11.014629	▁serious
7614	-11.015339	▁культур
7615	-11.015339	맥
7616	-11.015340	併
7617	-11.015340	委
7618	-11.015344	勒
7619	-11.015402	▁symbolize
7620	-11.015412	▁sitting
7621	-11.015492	▁ambaye
7622	-11.016144	▁millionaire
7623	-11.017311	tower
7624	-11.017390	▁بلغ
7625	-11.017632	▁гол
7626	-11.019281	▁ابن
7627	-11.019887	衛
7628	-11.019938	▁çağ
7629	-11.019971	毒
7630	-11.020034	▁العثماني
7631	-11.020034	▁शिक्षा
7632	-11.020034	疾
7633	-11.020034	调
7634	-11.020035	▁نسمة
7635	-11.020035	▁وذلك
7636	-11.020035	乗
7637	-11.020035	扱
7638	-11.020036	▁attempt
7639	-11.020039	▁düşün
7640	-11.020053	▁erkek
7641	-11.020091	▁των
7642	-11.020215	▁증가
7643	-11.020262	▁filter
7644	-11.021194	▁investment
7645	-11.022443	تلف
7646	-11.022604	セン
7647	-11.023611	出現
7648	-11.023623	▁shout
7649	-11.024743	います
7650	-11.024750	奴
7651	-11.024751	▁mkutano
7652	-11.024752	师
7653	-11.024752	担
7654	-11.024753	両
7655	-11.024753	播
7656	-11.024756	▁común
7657	-11.024758	▁reversal
7658	-11.024759	▁필요
7659	-11.024909	语言
7660	-11.025010	▁комп
7661	-11.025434	▁이론
7662	-11.025461	▁국제
7663	-11.025640	▁공간
7664	-11.025657	▁вес
7665	-11.025968	▁без
7666	-11.027376	dinner
7667	-11.029302	勢
7668	-11.029490	援
7669	-11.029490	nephew
7670	-11.029490	sanfrancisco
7671	-11.029490	▁desarrollo
7672	-11.029490	弱
7673	-11.029490	하였고
7674	-11.029491	▁جميع
7675	-11.029531	زراعة
7676	-11.029568	▁occur
7677	-11.029683	▁화학
7678	-11.030168	valley
7679	-11.030762	▁greek
7680	-11.033264	▁отме
7681	-11.033326	eira
7682	-11.034251	测
7683	-11.034252	給
7684	-11.034252	값
7685	-11.034252	률
7686	-11.034253	婚
7687	-11.034254	健康
7688	-11.034254	底
7689	-11.034256	▁प्रभाव
7690	-11.034256	溶
7691	-11.034271	▁complex
7692	-11.034273	▁receive
7693	-11.034398	▁survive
7694	-11.035022	▁सदी
7695	-11.035108	▁saylor
7696	-11.035277	▁devletleri
7697	-11.035453	ِّ
7698	-11.036180	▁않는
7699	-11.038479	colorado
7700	-11.039008	環
7701	-11.039034	갈
7702	-11.039037	▁जैसे
7703	-11.039037	养
7704	-11.039037	詩
7705	-11.039038	लैंड
7706	-11.039038	价
7707	-11.039039	納
7708	-11.039043	▁مركز
7709	-11.039087	▁австр
7710	-11.039090	▁university
7711	-11.039307	採用
7712	-11.039932	сад
7713	-11.040396	▁vitamin
7714	-11.041875	▁رسمي
7715	-11.043268	▁lieu
7716	-11.043676	普
7717	-11.043842	イギリス
7718	-11.043844	▁hükûmet
7719	-11.043844	▁yaygın
7720	-11.043844	激
7721	-11.043845	▁producción
7722	-11.043847	▁encontra
7723	-11.043847	▁الفترة
7724	-11.043858	▁открыт
7725	-11.043860	▁chinese
7726	-11.043901	思想
7727	-11.043934	現象
7728	-11.043983	▁프로
7729	-11.044128	▁dropped
7730	-11.044295	देव
7731	-11.044332	▁принят
7732	-11.044713	します
7733	-11.045109	▁возник
7734	-11.045450	▁कुल
7735	-11.046121	silver
7736	-11.046190	까
7737	-11.048675	療
7738	-11.048676	試
7739	-11.048676	专
7740	-11.048685	▁желез
7741	-11.048689	▁dancing
7742	-11.048696	▁tropical
7743	-11.048741	▁built
7744	-11.048773	言葉
7745	-11.048788	▁désigne
7746	-11.048962	▁자연
7747	-11.049010	速度
7748	-11.049038	▁değer
7749	-11.049131	grafía
7750	-11.049245	▁자유
7751	-11.049246	▁प्रकार
7752	-11.049293	▁inşa
7753	-11.049705	▁où
7754	-11.049785	工作
7755	-11.049940	swim
7756	-11.050293	▁felt
7757	-11.051424	▁shine
7758	-11.053526	番
7759	-11.053530	▁다양한
7760	-11.053530	渡
7761	-11.053530	違
7762	-11.053530	움
7763	-11.053531	inspiration
7764	-11.053531	커
7765	-11.053532	仮
7766	-11.053532	态
7767	-11.053534	▁avrupa
7768	-11.053536	▁регион
7769	-11.053539	▁может
7770	-11.053574	vintage
7771	-11.053606	状態
7772	-11.053805	▁sekta
7773	-11.053810	▁smell
7774	-11.053836	▁분야
7775	-11.053857	タイ
7776	-11.054044	poteza
7777	-11.054270	▁margin
7778	-11.055027	▁воды
7779	-11.055239	▁kendi
7780	-11.056067	▁εν
7781	-11.056605	▁электро
7782	-11.057116	▁silah
7783	-11.057783	skate
7784	-11.058407	距
7785	-11.058408	▁fransız
7786	-11.058408	▁temperatura
7787	-11.058408	▁शामिल
7788	-11.058408	새
7789	-11.058409	検
7790	-11.058410	停
7791	-11.058462	战争
7792	-11.058652	現代
7793	-11.059240	作品
7794	-11.060296	▁blanc
7795	-11.061111	▁glob
7796	-11.063312	副
7797	-11.063314	▁patience
7798	-11.063316	▁συν
7799	-11.063326	▁cuerpo
7800	-11.063329	▁현재
7801	-11.063398	▁بأن
7802	-11.063470	▁norte
7803	-11.063473	漢字
7804	-11.063542	領域
7805	-11.063559	вис
7806	-11.063576	全球
7807	-11.063653	|
7808	-11.063896	▁لكن
7809	-11.064468	islam
7810	-11.064881	▁umri
7811	-11.065747	steak
7812	-11.066584	objet
7813	-11.066957	▁система
7814	-11.068235	尾
7815	-11.068235	幕
7816	-11.068236	zungumza
7817	-11.068236	▁cumhuriyet
7818	-11.068236	▁incredible
7819	-11.068236	▁веществ
7820	-11.068237	▁francisco
7821	-11.068238	tarajiwa
7822	-11.068238	▁exactly
7823	-11.068239	津
7824	-11.068279	حافظ
7825	-11.068350	プラ
7826	-11.068361	运动
7827	-11.068505	▁nueva
7828	-11.068533	▁standard
7829	-11.068637	▁yüzey
7830	-11.068817	ベル
7831	-11.068828	科學
7832	-11.069921	▁بلد
7833	-11.073187	▁الاقتصاد
7834	-11.073187	點
7835	-11.073187	맞
7836	-11.073189	善
7837	-11.073190	費
7838	-11.073291	▁değil
7839	-11.073291	▁위치
7840	-11.073320	▁ambazo
7841	-11.073386	▁양자
7842	-11.073488	▁ран
7843	-11.073608	▁рыб
7844	-11.074065	生产
7845	-11.074204	進行
7846	-11.075183	ирует
7847	-11.075886	▁rapid
7848	-11.076209	يئة
7849	-11.077909	▁born
7850	-11.078159	너
7851	-11.078161	▁فرنسا
7852	-11.078161	牧
7853	-11.078162	memorial
7854	-11.078162	논
7855	-11.078163	西班牙
7856	-11.078164	卫
7857	-11.078169	組織
7858	-11.078176	वंश
7859	-11.078191	処理
7860	-11.078218	农业
7861	-11.078223	▁شمال
7862	-11.078238	統計
7863	-11.078246	普通
7864	-11.078272	▁obliga
7865	-11.078300	▁promise
7866	-11.078340	印度
7867	-11.078475	▁ultra
7868	-11.078669	▁deprem
7869	-11.078737	▁पानी
7870	-11.081925	民主
7871	-11.082095	▁centre
7872	-11.082974	认
7873	-11.083161	▁производств
7874	-11.083161	抵
7875	-11.083161	혁
7876	-11.083162	stylist
7877	-11.083162	筑
7878	-11.083163	▁circula
7879	-11.083163	幅
7880	-11.083164	湿
7881	-11.083166	▁운영
7882	-11.083166	索
7883	-11.083167	▁doğru
7884	-11.083194	अलग
7885	-11.083229	▁annual
7886	-11.083297	fikir
7887	-11.083551	認為
7888	-11.084323	loveyou
7889	-11.084336	म्म
7890	-11.084707	▁uzun
7891	-11.084813	shoutout
7892	-11.085197	남
7893	-11.086081	acağı
7894	-11.086380	發現
7895	-11.086545	blonde
7896	-11.086570	ούν
7897	-11.086640	▁demand
7898	-11.088174	問
7899	-11.088182	影
7900	-11.088186	▁대부분
7901	-11.088186	薬
7902	-11.088186	返
7903	-11.088186	탐
7904	-11.088187	▁kushiriki
7905	-11.088187	陵
7906	-11.088189	徴
7907	-11.088191	▁asteroid
7908	-11.088194	组织
7909	-11.088208	▁husband
7910	-11.088208	▁형태
7911	-11.088227	蒙古
7912	-11.088343	古典
7913	-11.088474	أثر
7914	-11.088597	▁माना
7915	-11.088854	▁ayuda
7916	-11.089149	▁الفلك
7917	-11.089224	▁hoping
7918	-11.089559	pokea
7919	-11.090223	पास
7920	-11.090676	▁생물
7921	-11.092099	▁depend
7922	-11.093183	▁τη
7923	-11.093237	ũ
7924	-11.093237	▁matumizi
7925	-11.093237	득
7926	-11.093237	못
7927	-11.093239	▁griego
7928	-11.093239	确
7929	-11.093240	ぎ
7930	-11.093240	臺灣
7931	-11.093241	峰
7932	-11.093246	▁época
7933	-11.093263	▁환경
7934	-11.093299	▁federal
7935	-11.093424	▁siasa
7936	-11.093486	pride
7937	-11.093801	presión
7938	-11.094012	▁قطر
7939	-11.094811	▁lleva
7940	-11.094933	าย
7941	-11.098274	欧
7942	-11.098276	必
7943	-11.098310	ゲ
7944	-11.098313	▁changamoto
7945	-11.098313	做
7946	-11.098313	私
7947	-11.098313	빈
7948	-11.098314	殺
7949	-11.098315	寺
7950	-11.098318	▁получил
7951	-11.098323	▁matokeo
7952	-11.098337	▁जन्म
7953	-11.098371	▁düzenle
7954	-11.098384	▁служ
7955	-11.098387	▁contact
7956	-11.098433	▁название
7957	-11.098627	▁نوع
7958	-11.098802	ηση
7959	-11.098837	▁dengan
7960	-11.099003	▁contre
7961	-11.099290	reign
7962	-11.100154	▁çocuklar
7963	-11.103415	œ
7964	-11.103415	є
7965	-11.103415	▁département
7966	-11.103415	▁período
7967	-11.103415	勝
7968	-11.103415	앙
7969	-11.103416	▁tüket
7970	-11.103416	▁سنوات
7971	-11.103416	景
7972	-11.103417	▁education
7973	-11.103427	▁yıldız
7974	-11.103427	▁जीवन
7975	-11.103430	▁across
7976	-11.103439	▁결합
7977	-11.103446	環境
7978	-11.103450	▁κατα
7979	-11.103465	总统
7980	-11.103535	▁метод
7981	-11.104156	▁बनाने
7982	-11.104833	▁свет
7983	-11.106015	conduct
7984	-11.108542	连
7985	-11.108543	व्यवस्था
7986	-11.108543	▁constitution
7987	-11.108543	▁распространен
7988	-11.108545	▁chính
7989	-11.108545	证
7990	-11.108546	▁british
7991	-11.108554	▁feature
7992	-11.108556	▁method
7993	-11.108568	▁बीच
7994	-11.108582	▁kiwango
7995	-11.108625	宣布
7996	-11.108655	▁institution
7997	-11.108660	▁yöntem
7998	-11.108705	ίν
7999	-11.108785	法律
8000	-11.108828	周期
8001	-11.108910	졌다
8002	-11.109024	hydr
8003	-11.112888	▁resist
8004	-11.113632	護
8005	-11.113648	sleep
8006	-11.113694	९
8007	-11.113696	吉
8008	-11.113698	▁उच्च
8009	-11.113702	純
8010	-11.113714	▁üretim
8011	-11.113761	▁mtoto
8012	-11.114102	▁fizik
8013	-11.114238	程度
8014	-11.114326	mobile
8015	-11.114421	journey
8016	-11.115191	fuata
8017	-11.117004	▁çocuk
8018	-11.118878	簡
8019	-11.118879	▁término
8020	-11.118879	▁أخرى
8021	-11.118879	▁शुरू
8022	-11.118879	翻
8023	-11.118879	억
8024	-11.118880	▁млн
8025	-11.118882	云
8026	-11.118882	营
8027	-11.118883	▁heavy
8028	-11.118889	▁pattern
8029	-11.118892	▁тысяч
8030	-11.118893	免疫
8031	-11.118927	▁vaccin
8032	-11.118927	▁جنوب
8033	-11.118938	▁enerji
8034	-11.118992	حاكم
8035	-11.119228	▁معدل
8036	-11.119385	▁sağlık
8037	-11.119485	▁cuenta
8038	-11.119504	共同
8039	-11.119598	▁함수
8040	-11.120080	نطق
8041	-11.120599	baseball
8042	-11.124081	免
8043	-11.124086	话
8044	-11.124087	▁источник
8045	-11.124087	眼
8046	-11.124087	籍
8047	-11.124088	européen
8048	-11.124088	إقليم
8049	-11.124088	▁러시아
8050	-11.124088	ピアノ
8051	-11.124088	乾
8052	-11.124088	鱼
8053	-11.124090	espagnol
8054	-11.124108	▁السياسي
8055	-11.124120	▁côte
8056	-11.124140	▁extrem
8057	-11.124177	▁유럽
8058	-11.124187	▁alimenta
8059	-11.124383	▁والذي
8060	-11.124428	▁trois
8061	-11.124558	explore
8062	-11.124901	軍事
8063	-11.125288	面积
8064	-11.125366	▁centro
8065	-11.126697	▁charge
8066	-11.127058	▁кур
8067	-11.128278	▁edilme
8068	-11.128615	▁घर
8069	-11.129035	▁만들
8070	-11.129323	▁successful
8071	-11.129323	▁स्थापना
8072	-11.129323	湾
8073	-11.129324	▁practice
8074	-11.129324	▁правительств
8075	-11.129324	▁आधार
8076	-11.129324	廣
8077	-11.129325	丁
8078	-11.129325	样
8079	-11.129325	觀
8080	-11.129327	陰
8081	-11.129328	塞
8082	-11.129348	▁표현
8083	-11.129352	▁ölüm
8084	-11.129354	機械
8085	-11.129518	▁countries
8086	-11.129549	민족
8087	-11.129801	▁antigua
8088	-11.130578	▁début
8089	-11.130623	विद
8090	-11.133799	▁görev
8091	-11.134536	같
8092	-11.134562	報
8093	-11.134584	憲
8094	-11.134584	父
8095	-11.134585	减
8096	-11.134585	條
8097	-11.134586	▁количество
8098	-11.134587	▁बड़े
8099	-11.134587	右
8100	-11.134587	엔
8101	-11.134588	▁kampuni
8102	-11.134588	志
8103	-11.134590	▁công
8104	-11.134590	継
8105	-11.134855	▁дерев
8106	-11.134893	र्द
8107	-11.135040	▁işlem
8108	-11.137707	لوك
8109	-11.138475	ίζ
8110	-11.139270	▁mwen
8111	-11.139876	إمبراطور
8112	-11.139877	purpose
8113	-11.139877	▁purchase
8114	-11.139877	▁students
8115	-11.139877	됐
8116	-11.139879	备
8117	-11.139880	michigan
8118	-11.139880	▁ciencia
8119	-11.139891	▁buddy
8120	-11.139897	▁decision
8121	-11.139922	▁개념
8122	-11.140072	▁अधिकार
8123	-11.140222	portrait
8124	-11.140225	▁الأولى
8125	-11.140236	▁과정
8126	-11.140361	tribute
8127	-11.140432	▁анти
8128	-11.141001	▁मानव
8129	-11.141181	▁الدم
8130	-11.144218	▁especial
8131	-11.144340	▁ضم
8132	-11.145197	मंत्री
8133	-11.145197	▁आबादी
8134	-11.145197	▁किलोमीटर
8135	-11.145197	▁द्वीप
8136	-11.145197	財
8137	-11.145197	랑
8138	-11.145198	纳
8139	-11.145198	许
8140	-11.145199	▁kingdom
8141	-11.145200	黨
8142	-11.145202	叶
8143	-11.145211	▁الرومان
8144	-11.145222	▁हाथ
8145	-11.145241	▁smiling
8146	-11.145350	鉄道
8147	-11.145416	▁kız
8148	-11.145491	▁región
8149	-11.145491	▁trabaj
8150	-11.146007	▁cookie
8151	-11.147576	puesta
8152	-11.149791	uggle
8153	-11.150543	舉
8154	-11.150544	▁compuesto
8155	-11.150544	▁conjunto
8156	-11.150544	누
8157	-11.150545	▁siècle
8158	-11.150545	獨
8159	-11.150545	萬
8160	-11.150546	脈
8161	-11.150547	▁baadhi
8162	-11.150548	影响
8163	-11.150560	技术
8164	-11.150635	皇帝
8165	-11.150756	▁haraka
8166	-11.150800	▁tabia
8167	-11.150867	lounge
8168	-11.150879	越南
8169	-11.150897	▁namna
8170	-11.150971	っていた
8171	-11.151005	稱為
8172	-11.151352	▁2009
8173	-11.151364	william
8174	-11.151391	バイ
8175	-11.151459	▁datos
8176	-11.151592	fusion
8177	-11.152465	▁korea
8178	-11.154287	italian
8179	-11.155919	值
8180	-11.155919	共和国
8181	-11.155920	促
8182	-11.155921	&#039
8183	-11.155921	ológico
8184	-11.155921	▁hilarious
8185	-11.155921	▁makubwa
8186	-11.155921	哈
8187	-11.155921	层
8188	-11.155921	곳
8189	-11.155922	识
8190	-11.155926	遗
8191	-11.155951	▁dhidi
8192	-11.155960	▁claim
8193	-11.155972	▁fabric
8194	-11.156074	▁차지
8195	-11.156207	飛行
8196	-11.156295	▁smoke
8197	-11.157712	以降
8198	-11.159113	▁آل
8199	-11.159323	统治
8200	-11.159871	horn
8201	-11.161325	▁सूर्य
8202	-11.161326	▁जिसमें
8203	-11.161327	photoshoot
8204	-11.161327	暖
8205	-11.161333	tambua
8206	-11.161343	valentine
8207	-11.161366	▁اليونان
8208	-11.161387	比較
8209	-11.161390	▁aplica
8210	-11.161443	▁superior
8211	-11.161494	衛星
8212	-11.161567	▁liquidated
8213	-11.161630	▁individual
8214	-11.161703	发现
8215	-11.161737	▁everywhere
8216	-11.161871	شبه
8217	-11.162038	र्च
8218	-11.162072	医学
8219	-11.162407	▁الوطني
8220	-11.162617	école
8221	-11.162712	▁objeto
8222	-11.164236	تعمل
8223	-11.164333	表面
8224	-11.164682	клад
8225	-11.166558	功
8226	-11.166760	▁فإن
8227	-11.166760	劇
8228	-11.166760	렬
8229	-11.166760	좌
8230	-11.166761	ぐ
8231	-11.166761	途
8232	-11.166763	份
8233	-11.166763	円
8234	-11.166763	报
8235	-11.166763	裁
8236	-11.166763	风
8237	-11.166765	▁nouveau
8238	-11.166765	秋
8239	-11.166778	▁كوكب
8240	-11.166785	▁random
8241	-11.167138	▁기능
8242	-11.167276	建設
8243	-11.167347	▁forgot
8244	-11.167379	نشأ
8245	-11.167397	▁указ
8246	-11.167434	▁книг
8247	-11.169179	▁низ
8248	-11.170504	▁aracı
8249	-11.170671	▁sayısı
8250	-11.170862	早期
8251	-11.172101	▁назван
8252	-11.172225	▁είναι
8253	-11.172225	プログラム
8254	-11.172225	바이러스
8255	-11.172226	district
8256	-11.172226	็
8257	-11.172226	섬
8258	-11.172227	圖
8259	-11.172230	histoire
8260	-11.172240	▁growing
8261	-11.172242	▁determina
8262	-11.172251	▁نفس
8263	-11.172253	▁sonucu
8264	-11.172259	恒星
8265	-11.172276	▁alterna
8266	-11.172277	▁για
8267	-11.172292	▁cantidad
8268	-11.172355	▁عهد
8269	-11.172381	▁ocupa
8270	-11.172478	▁toplum
8271	-11.172533	通過
8272	-11.174726	▁русско
8273	-11.177477	олог
8274	-11.177541	опы
8275	-11.177716	圏
8276	-11.177716	園
8277	-11.177718	寄
8278	-11.177719	亦
8279	-11.177720	جتمع
8280	-11.177720	ね
8281	-11.177720	랜
8282	-11.177722	裂
8283	-11.177726	ensemble
8284	-11.177727	▁palabra
8285	-11.177747	▁vyombo
8286	-11.177809	george
8287	-11.177810	含まれ
8288	-11.177817	普及
8289	-11.177826	韩国
8290	-11.177839	allemand
8291	-11.177874	完全
8292	-11.178074	▁기록
8293	-11.178469	▁adapt
8294	-11.179240	electro
8295	-11.179260	▁protest
8296	-11.182695	▁цар
8297	-11.183015	ियन
8298	-11.183222	沿
8299	-11.183244	范
8300	-11.183245	▁которые
8301	-11.183245	▁район
8302	-11.183245	▁시스템
8303	-11.183245	▁캐나다
8304	-11.183247	续
8305	-11.183287	▁крас
8306	-11.183293	expression
8307	-11.183329	posición
8308	-11.183347	employ
8309	-11.183410	没有
8310	-11.183539	▁devient
8311	-11.188728	▁имел
8312	-11.188800	▁해당한다
8313	-11.188801	酒
8314	-11.188801	잘
8315	-11.188802	▁nouvelle
8316	-11.188802	▁собой
8317	-11.188802	卡
8318	-11.188802	閏
8319	-11.188802	黒
8320	-11.188803	拡
8321	-11.188803	满
8322	-11.188803	站
8323	-11.188803	迫
8324	-11.188805	▁battle
8325	-11.188809	▁fuerza
8326	-11.188873	▁aunque
8327	-11.188906	▁wealth
8328	-11.189007	▁govern
8329	-11.189044	newyorkcity
8330	-11.189177	通信
8331	-11.189272	王朝
8332	-11.189285	▁الجيش
8333	-11.189772	▁robot
8334	-11.190726	visual
8335	-11.191276	анием
8336	-11.192391	▁conoce
8337	-11.192803	▁défini
8338	-11.194386	繼
8339	-11.194387	围
8340	-11.194390	▁१९
8341	-11.194409	▁phát
8342	-11.194508	▁usalama
8343	-11.194619	detroit
8344	-11.194729	▁đã
8345	-11.194853	▁부분
8346	-11.194994	▁draw
8347	-11.196010	▁식물
8348	-11.197844	▁toprak
8349	-11.200004	豆
8350	-11.200005	▁clasifica
8351	-11.200005	▁représente
8352	-11.200005	▁император
8353	-11.200005	▁단백질
8354	-11.200005	칼
8355	-11.200006	õ
8356	-11.200006	▁kiongozi
8357	-11.200006	▁üzere
8358	-11.200006	証
8359	-11.200007	▁pueblo
8360	-11.200056	唯一
8361	-11.200088	▁idioma
8362	-11.200210	▁başladı
8363	-11.200392	▁भाषाओं
8364	-11.200399	▁mondial
8365	-11.200461	bbq
8366	-11.200536	▁levant
8367	-11.203369	▁цел
8368	-11.205654	▁mazingira
8369	-11.205654	▁केन्द्र
8370	-11.205654	競
8371	-11.205654	貿易
8372	-11.205654	隔
8373	-11.205654	링
8374	-11.205654	휴
8375	-11.205655	溫
8376	-11.205655	긴
8377	-11.205656	們
8378	-11.205656	銀
8379	-11.205657	▁relaciona
8380	-11.205659	▁الطبيعي
8381	-11.205659	哥
8382	-11.205663	▁nuevo
8383	-11.205664	▁mpango
8384	-11.205667	▁utilise
8385	-11.205679	▁klabu
8386	-11.205749	▁ईसा
8387	-11.205950	▁colonial
8388	-11.206062	people
8389	-11.206095	工業
8390	-11.206750	strong
8391	-11.208954	addict
8392	-11.211335	遭
8393	-11.211336	▁enfermedad
8394	-11.211336	▁ब्रिटिश
8395	-11.211336	補
8396	-11.211337	▁اتفاق
8397	-11.211337	玉
8398	-11.211341	▁metaverse
8399	-11.211341	▁بداية
8400	-11.211349	▁context
8401	-11.211349	▁contiene
8402	-11.211364	▁раствор
8403	-11.211509	▁труд
8404	-11.211561	勢力
8405	-11.211637	▁japonais
8406	-11.212597	lunch
8407	-11.212852	▁юг
8408	-11.213045	▁define
8409	-11.213555	▁toprakları
8410	-11.214285	ходит
8411	-11.217049	辖
8412	-11.217050	テレビ
8413	-11.217051	▁twarz
8414	-11.217051	双
8415	-11.217051	夷
8416	-11.217051	幼
8417	-11.217051	茶
8418	-11.217051	银
8419	-11.217051	順
8420	-11.217052	▁соедин
8421	-11.217052	▁اليهود
8422	-11.217052	優
8423	-11.217061	▁conocido
8424	-11.217085	▁edilen
8425	-11.217200	▁여성
8426	-11.217299	コード
8427	-11.217317	▁performance
8428	-11.217713	▁uzak
8429	-11.218074	▁миров
8430	-11.218367	county
8431	-11.218811	▁oranı
8432	-11.219471	▁أيضا
8433	-11.219927	▁jusqu
8434	-11.220897	▁yapma
8435	-11.222326	였
8436	-11.222374	았
8437	-11.222719	scope
8438	-11.222797	sandiego
8439	-11.222797	▁uamuzi
8440	-11.222797	▁중요한
8441	-11.222798	▁birçok
8442	-11.222798	曼
8443	-11.222799	▁mwenyekiti
8444	-11.222799	屋
8445	-11.222800	童
8446	-11.222801	▁актив
8447	-11.222801	エジプト
8448	-11.222801	森
8449	-11.222837	министр
8450	-11.222876	शास्त्र
8451	-11.222935	▁lazima
8452	-11.223060	ootd
8453	-11.223104	持ち
8454	-11.223188	furahi
8455	-11.223237	dessert
8456	-11.223660	▁comprend
8457	-11.228578	▁पर्वत
8458	-11.228578	堂
8459	-11.228578	肥
8460	-11.228579	▁après
8461	-11.228579	▁osmanlı
8462	-11.228580	▁matatizo
8463	-11.228580	▁arrived
8464	-11.228580	习
8465	-11.228581	杀
8466	-11.228584	▁teoría
8467	-11.228650	▁río
8468	-11.228651	▁xvii
8469	-11.228993	прост
8470	-11.229005	▁oficial
8471	-11.229367	▁लिया
8472	-11.234389	ロシア
8473	-11.234392	مصطلح
8474	-11.234392	▁diferentes
8475	-11.234392	脂
8476	-11.234397	▁taasisi
8477	-11.234398	▁hazır
8478	-11.234401	▁writing
8479	-11.234406	▁province
8480	-11.234415	▁antiguo
8481	-11.234420	jaribu
8482	-11.234441	▁металл
8483	-11.234456	要求
8484	-11.234528	▁спец
8485	-11.234537	되며
8486	-11.234740	安全
8487	-11.234949	▁install
8488	-11.234987	vsco
8489	-11.238822	comfort
8490	-11.239351	▁स्थल
8491	-11.240239	栄
8492	-11.240240	neighbor
8493	-11.240240	▁binafsi
8494	-11.240240	▁kuongeza
8495	-11.240240	▁использовал
8496	-11.240240	넘
8497	-11.240240	볼
8498	-11.240240	쳐
8499	-11.240243	vscocam
8500	-11.240244	號
8501	-11.240251	▁التاسع
8502	-11.240272	▁doctor
8503	-11.240281	▁article
8504	-11.240290	▁hastalıkları
8505	-11.240309	taylor
8506	-11.240366	▁sınıf
8507	-11.240383	▁negative
8508	-11.240618	▁require
8509	-11.240865	▁fuente
8510	-11.241613	شهد
8511	-11.241974	ם
8512	-11.243738	mız
8513	-11.245323	▁candid
8514	-11.245872	▁مصا
8515	-11.245918	▁карт
8516	-11.246119	永
8517	-11.246120	輪
8518	-11.246121	快
8519	-11.246122	▁considéré
8520	-11.246122	▁प्रधान
8521	-11.246122	香
8522	-11.246123	径
8523	-11.246124	蛋
8524	-11.246125	见
8525	-11.246130	▁mchezo
8526	-11.246131	agriculture
8527	-11.246136	▁عسكري
8528	-11.246149	沿岸
8529	-11.246152	hiphop
8530	-11.246166	▁araştırma
8531	-11.246166	▁jinsi
8532	-11.246180	▁hombre
8533	-11.246256	▁ancak
8534	-11.246260	組み
8535	-11.246356	▁फैल
8536	-11.246400	▁ndege
8537	-11.246441	▁생각
8538	-11.246636	▁command
8539	-11.248096	▁mejor
8540	-11.249996	thanks
8541	-11.251989	历
8542	-11.252037	献
8543	-11.252039	プログラミング
8544	-11.252040	▁agricultura
8545	-11.252040	▁kimataifa
8546	-11.252040	▁président
8547	-11.252040	▁stocktwits
8548	-11.252040	▁أراضي
8549	-11.252040	▁إنتاج
8550	-11.252040	▁البلدان
8551	-11.252040	▁पाकिस्तान
8552	-11.252041	▁fonction
8553	-11.252041	▁يبلغ
8554	-11.252041	问
8555	-11.252046	▁mataifa
8556	-11.252058	▁chakula
8557	-11.252069	フォ
8558	-11.252076	▁mpaka
8559	-11.252078	kitchen
8560	-11.252097	▁εξ
8561	-11.252115	▁велик
8562	-11.252119	ジョ
8563	-11.252120	▁deserve
8564	-11.252246	ון
8565	-11.252266	增加
8566	-11.253627	edition
8567	-11.255845	hubby
8568	-11.256513	uuuu
8569	-11.257568	졌
8570	-11.257991	뇌
8571	-11.257992	▁appreciate
8572	-11.257992	▁böbrek
8573	-11.257992	▁environment
8574	-11.257992	▁элемент
8575	-11.257992	▁अनुसार
8576	-11.257992	▁वर्ण
8577	-11.257992	题
8578	-11.257993	motivation
8579	-11.257993	▁yoğun
8580	-11.257994	roadtrip
8581	-11.257994	舞
8582	-11.257996	▁growth
8583	-11.257997	स्थापित
8584	-11.258006	evolution
8585	-11.258014	▁المواد
8586	-11.258056	▁travail
8587	-11.258063	jordan
8588	-11.258111	▁album
8589	-11.258419	▁repeat
8590	-11.259557	▁فقد
8591	-11.260112	قطع
8592	-11.260726	▁المحلي
8593	-11.262639	말
8594	-11.262656	class
8595	-11.262696	hawk
8596	-11.263789	쟁
8597	-11.263902	策
8598	-11.263977	署
8599	-11.263980	الكواكب
8600	-11.263980	▁ağrı
8601	-11.263980	▁occidental
8602	-11.263980	▁yüzyılda
8603	-11.263980	▁кислот
8604	-11.263980	▁إيطاليا
8605	-11.263980	單
8606	-11.263980	飲
8607	-11.263981	قطاع
8608	-11.263981	大きく
8609	-11.263981	姓
8610	-11.263981	泛
8611	-11.263983	ヌ
8612	-11.263983	栽培
8613	-11.263986	▁disease
8614	-11.263992	▁bilinen
8615	-11.263996	▁النووي
8616	-11.264009	▁destroy
8617	-11.264045	▁leaving
8618	-11.264071	家庭
8619	-11.264148	▁upande
8620	-11.264252	▁ambapo
8621	-11.264505	pumpkin
8622	-11.264565	▁kundi
8623	-11.264915	▁humain
8624	-11.265360	——
8625	-11.268859	infini
8626	-11.270002	瓦
8627	-11.270003	沒
8628	-11.270004	sundayfunday
8629	-11.270004	▁constitue
8630	-11.270004	币
8631	-11.270004	聞
8632	-11.270004	걸
8633	-11.270004	괴
8634	-11.270005	▁jijini
8635	-11.270005	▁officielle
8636	-11.270006	给
8637	-11.270006	采
8638	-11.270007	険
8639	-11.270017	▁مجال
8640	-11.270017	細胞
8641	-11.270032	▁sneak
8642	-11.270131	christmastree
8643	-11.270133	jadili
8644	-11.270312	▁الشرقي
8645	-11.270321	機関
8646	-11.270429	▁stress
8647	-11.273781	▁reduce
8648	-11.273985	▁petrol
8649	-11.275621	eiro
8650	-11.276064	廃
8651	-11.276065	▁possède
8652	-11.276065	▁ukweli
8653	-11.276065	▁الخارج
8654	-11.276065	▁영향을
8655	-11.276065	催
8656	-11.276065	従
8657	-11.276065	我
8658	-11.276066	団
8659	-11.276067	▁technique
8660	-11.276067	▁uongozi
8661	-11.276067	耕
8662	-11.276071	盆
8663	-11.276077	▁bubble
8664	-11.276189	▁السلطة
8665	-11.276785	▁collab
8666	-11.277467	canyon
8667	-11.281277	設計
8668	-11.282162	fabulous
8669	-11.282162	弦
8670	-11.282162	拠
8671	-11.282162	洛
8672	-11.282162	网
8673	-11.282163	▁difficult
8674	-11.282163	▁который
8675	-11.282163	▁كيلومتر
8676	-11.282164	windows
8677	-11.282164	势
8678	-11.282165	君
8679	-11.282165	警
8680	-11.282166	劃
8681	-11.282179	▁channel
8682	-11.282312	農業
8683	-11.282383	▁işgal
8684	-11.282422	▁도입
8685	-11.282557	▁mbili
8686	-11.283141	▁экс
8687	-11.283392	ohio
8688	-11.287336	ائه
8689	-11.288173	람
8690	-11.288294	ひ
8691	-11.288298	foodporn
8692	-11.288298	▁núcleo
8693	-11.288298	▁नेपाल
8694	-11.288298	▁समुद्र
8695	-11.288299	▁genellikle
8696	-11.288299	▁يناير
8697	-11.288299	▁यहां
8698	-11.288317	▁bazı
8699	-11.288358	▁exclu
8700	-11.288373	▁ugly
8701	-11.288383	▁mwili
8702	-11.288501	▁peuple
8703	-11.289167	▁бар
8704	-11.289412	計画
8705	-11.294469	▁değişik
8706	-11.294469	砂
8707	-11.294471	œuvre
8708	-11.294471	▁китай
8709	-11.294471	汗
8710	-11.294475	▁easily
8711	-11.294486	▁الأردن
8712	-11.294583	люб
8713	-11.294662	▁हिंद
8714	-11.294795	▁حرب
8715	-11.295343	ondoka
8716	-11.296556	goodmorning
8717	-11.298020	sauce
8718	-11.299500	الطا
8719	-11.300681	▁movimiento
8720	-11.300681	▁жизни
8721	-11.300681	▁أوروبا
8722	-11.300681	▁साम्राज्य
8723	-11.300681	旅
8724	-11.300681	되었고
8725	-11.300681	켜
8726	-11.300682	▁расположен
8727	-11.300682	秦
8728	-11.300683	▁الساحل
8729	-11.300683	乐
8730	-11.300726	युग
8731	-11.300796	▁विभिन्न
8732	-11.300984	▁واسع
8733	-11.304173	1.5
8734	-11.306930	處
8735	-11.306931	▁economy
8736	-11.306931	▁política
8737	-11.306931	▁portfolio
8738	-11.306931	▁volatility
8739	-11.306931	▁때문에
8740	-11.306931	载
8741	-11.306931	迁
8742	-11.306932	▁함께
8743	-11.306932	压
8744	-11.306933	▁детей
8745	-11.306933	钠
8746	-11.306933	頃
8747	-11.306934	▁geometri
8748	-11.306943	تفاعل
8749	-11.306945	jackson
8750	-11.306973	▁england
8751	-11.306973	ほど
8752	-11.306973	▁several
8753	-11.306994	▁maalum
8754	-11.306998	hockey
8755	-11.306998	▁çift
8756	-11.307097	▁люди
8757	-11.307254	▁créé
8758	-11.309641	specific
8759	-11.311463	▁dedica
8760	-11.312563	ائق
8761	-11.313119	बंध
8762	-11.313219	借
8763	-11.313220	▁프로그램
8764	-11.313220	患
8765	-11.313220	퍼
8766	-11.313221	▁astronaut
8767	-11.313221	▁fantastic
8768	-11.313221	仕
8769	-11.313221	壊
8770	-11.313221	硬
8771	-11.313222	▁masuala
8772	-11.313222	边
8773	-11.313223	водород
8774	-11.313223	寫
8775	-11.313223	货
8776	-11.313224	1,000
8777	-11.313226	▁الكوكب
8778	-11.313229	▁возраст
8779	-11.313327	居住
8780	-11.313412	▁conclu
8781	-11.313431	▁speed
8782	-11.313449	▁koruma
8783	-11.319470	紀
8784	-11.319550	▁física
8785	-11.319550	▁использован
8786	-11.319550	▁पुरुष
8787	-11.319550	亿
8788	-11.319550	블
8789	-11.319551	▁أعلى
8790	-11.319551	鏡
8791	-11.319551	▁широко
8792	-11.319551	▁المدارس
8793	-11.319552	專
8794	-11.319552	显
8795	-11.319552	聖
8796	-11.319553	▁قانون
8797	-11.319557	▁dialect
8798	-11.319610	▁political
8799	-11.319682	▁terrestre
8800	-11.320020	▁совет
8801	-11.320261	▁रोग
8802	-11.320884	▁niveau
8803	-11.321404	▁deliver
8804	-11.321433	▁américain
8805	-11.322042	▁update
8806	-11.323267	group
8807	-11.325849	較
8808	-11.325899	术
8809	-11.325917	池
8810	-11.325918	▁obvious
8811	-11.325919	zungumzi
8812	-11.325919	▁الأخرى
8813	-11.325919	仅
8814	-11.325919	館
8815	-11.325920	掌
8816	-11.325920	炎
8817	-11.325920	隆
8818	-11.325921	澳
8819	-11.325922	惑
8820	-11.325933	▁addition
8821	-11.325961	▁doubt
8822	-11.326147	▁combina
8823	-11.326271	reunion
8824	-11.327254	chemical
8825	-11.327309	▁combat
8826	-11.329345	▁стол
8827	-11.332329	▁процесс
8828	-11.332329	▁युद्ध
8829	-11.332329	친
8830	-11.332330	starwars
8831	-11.332330	ฟ
8832	-11.332330	▁günümüz
8833	-11.332330	▁lượng
8834	-11.332330	▁mabadiliko
8835	-11.332330	▁الداخل
8836	-11.332330	▁स्वतंत्र
8837	-11.332330	왔
8838	-11.332331	▁árbol
8839	-11.332331	覚
8840	-11.332332	續
8841	-11.332361	▁mbaya
8842	-11.332370	▁مائل
8843	-11.332375	▁investors
8844	-11.332438	▁derecho
8845	-11.332711	▁عضو
8846	-11.332726	▁अभि
8847	-11.334374	theatre
8848	-11.334880	▁inicia
8849	-11.336522	pretty
8850	-11.336545	amazing
8851	-11.338720	味
8852	-11.338778	康
8853	-11.338778	托
8854	-11.338780	摩
8855	-11.338780	耳
8856	-11.338781	▁communication
8857	-11.338781	▁düşük
8858	-11.338781	▁население
8859	-11.338781	ヨーロッパ
8860	-11.338781	剧
8861	-11.338781	벨
8862	-11.338782	況
8863	-11.338783	败
8864	-11.338784	▁vinavyo
8865	-11.338791	arizona
8866	-11.338797	▁relative
8867	-11.338810	industrie
8868	-11.338845	▁설명
8869	-11.338858	▁लिये
8870	-11.339087	изации
8871	-11.339283	ище
8872	-11.339445	▁emplea
8873	-11.339450	هرب
8874	-11.339933	plaza
8875	-11.345272	奏
8876	-11.345274	끼
8877	-11.345274	츠
8878	-11.345275	▁kuvvet
8879	-11.345275	▁uwanja
8880	-11.345275	▁уровень
8881	-11.345275	▁आधुनिक
8882	-11.345276	辞
8883	-11.345277	随
8884	-11.345280	▁kupitia
8885	-11.345329	欧洲
8886	-11.345442	▁keşf
8887	-11.345568	▁composé
8888	-11.345615	▁البشر
8889	-11.351810	塔
8890	-11.351810	折
8891	-11.351810	▁binadamu
8892	-11.351810	▁molekül
8893	-11.351811	दर्शन
8894	-11.351811	▁مساحة
8895	-11.351811	▁सभी
8896	-11.351811	企
8897	-11.351812	远
8898	-11.351813	埃
8899	-11.351814	▁supposed
8900	-11.351835	▁étaient
8901	-11.351859	▁données
8902	-11.351887	▁mradi
8903	-11.351997	▁فقط
8904	-11.352058	▁iklim
8905	-11.352126	▁tukio
8906	-11.352179	▁ardhi
8907	-11.352665	▁branch
8908	-11.354138	▁खान
8909	-11.358375	題
8910	-11.358377	疫
8911	-11.358387	潮
8912	-11.358389	ゲーム
8913	-11.358389	税
8914	-11.358389	폴
8915	-11.358390	▁méxico
8916	-11.358390	▁previous
8917	-11.358390	▁según
8918	-11.358390	▁الإنسان
8919	-11.358390	▁अध्ययन
8920	-11.358390	仰
8921	-11.358390	녹
8922	-11.358391	捕
8923	-11.358391	鲜
8924	-11.358393	逃
8925	-11.358395	メモリ
8926	-11.358413	环境
8927	-11.358414	alphabet
8928	-11.358421	保护
8929	-11.358429	▁cultiva
8930	-11.358430	▁태양
8931	-11.358508	▁third
8932	-11.358694	▁kullanımı
8933	-11.360035	езд
8934	-11.362796	▁ölçü
8935	-11.363773	عامل
8936	-11.364675	震
8937	-11.364899	natural
8938	-11.365011	替
8939	-11.365012	ٌ
8940	-11.365012	▁république
8941	-11.365012	▁германии
8942	-11.365012	▁крестьян
8943	-11.365012	▁प्रतिशत
8944	-11.365012	弟
8945	-11.365012	狀
8946	-11.365012	즈
8947	-11.365013	▁stunning
8948	-11.365013	刺
8949	-11.365013	圍
8950	-11.365013	氦
8951	-11.365014	▁समाज
8952	-11.365014	办
8953	-11.365014	渐
8954	-11.365014	雄
8955	-11.365015	shukuru
8956	-11.365015	冰
8957	-11.365015	队
8958	-11.365020	cocktail
8959	-11.365029	▁msingi
8960	-11.365033	▁measure
8961	-11.365084	▁결정
8962	-11.365156	▁학문
8963	-11.365197	crystal
8964	-11.365265	ाइड
8965	-11.366953	توقع
8966	-11.371132	▁порт
8967	-11.371677	遊
8968	-11.371678	▁الهيدروجين
8969	-11.371678	▁औसत
8970	-11.371678	票
8971	-11.371678	遷
8972	-11.371678	醫
8973	-11.371679	▁thousand
8974	-11.371679	▁शरीर
8975	-11.371679	充
8976	-11.371680	泰
8977	-11.371682	▁المركز
8978	-11.371684	▁mwanamke
8979	-11.371684	▁spanish
8980	-11.371702	▁실험
8981	-11.371702	戰爭
8982	-11.371704	▁집합
8983	-11.371716	cowboy
8984	-11.371755	總統
8985	-11.371765	▁समझ
8986	-11.371853	▁союз
8987	-11.371931	▁descend
8988	-11.372028	▁अरब
8989	-11.374122	obama
8990	-11.378389	伴
8991	-11.378389	洪
8992	-11.378389	蘇
8993	-11.378390	japanese
8994	-11.378390	tengeneza
8995	-11.378390	▁diferencia
8996	-11.378390	▁gezicht
8997	-11.378390	▁पृथ्वी
8998	-11.378390	討
8999	-11.378391	笑
9000	-11.378395	附
9001	-11.378401	▁muziki
9002	-11.378403	blogger
9003	-11.378403	遺跡
9004	-11.378409	▁safari
9005	-11.378409	▁élevé
9006	-11.378454	実験
9007	-11.378458	▁component
9008	-11.378478	▁학생
9009	-11.379130	स्ट्र
9010	-11.381786	▁retire
9011	-11.382883	throp
9012	-11.383282	盛ん
9013	-11.385145	▁европе
9014	-11.385146	ń
9015	-11.385146	▁अंग्रेज
9016	-11.385147	▁i̇sviçre
9017	-11.385147	▁mafanikio
9018	-11.385147	▁música
9019	-11.385147	▁검은색
9020	-11.385147	幾
9021	-11.385147	户
9022	-11.385147	鐵
9023	-11.385147	预
9024	-11.385147	돈
9025	-11.385148	▁explode
9026	-11.385148	▁कहते
9027	-11.385148	暴
9028	-11.385148	汽
9029	-11.385148	自動車
9030	-11.385149	▁mundial
9031	-11.385149	豪
9032	-11.385151	▁الغاز
9033	-11.385155	▁kabisa
9034	-11.385159	élément
9035	-11.385198	▁llamada
9036	-11.385263	▁monument
9037	-11.385403	peleka
9038	-11.385902	слав
9039	-11.386147	▁kısa
9040	-11.386199	▁считал
9041	-11.386587	طائر
9042	-11.386862	▁كتاب
9043	-11.391948	撤
9044	-11.391949	америка
9045	-11.391949	絶
9046	-11.391949	킨
9047	-11.391950	▁indígena
9048	-11.391950	丘
9049	-11.391950	看
9050	-11.391950	若
9051	-11.391950	裔
9052	-11.391950	럼
9053	-11.391951	粒
9054	-11.391953	继
9055	-11.391953	▁suggest
9056	-11.391954	黎
9057	-11.391955	▁virüs
9058	-11.391957	▁chất
9059	-11.391959	▁conquista
9060	-11.391964	▁kilicho
9061	-11.391996	▁goodbye
9062	-11.392029	▁década
9063	-11.393865	भाषा
9064	-11.394269	▁milieu
9065	-11.398797	営
9066	-11.398798	례
9067	-11.398799	▁mtandao
9068	-11.398799	▁représenta
9069	-11.398799	▁scientist
9070	-11.398799	▁wafanyakazi
9071	-11.398799	▁انتخاب
9072	-11.398799	▁تأسيس
9073	-11.398799	▁कृषि
9074	-11.398799	ほとんど
9075	-11.398799	初めて
9076	-11.398799	홍
9077	-11.398800	▁capacidad
9078	-11.398800	エネルギー
9079	-11.398800	困
9080	-11.398802	▁bugün
9081	-11.398802	▁प्रकाश
9082	-11.398803	另
9083	-11.398806	▁amazon
9084	-11.398806	▁pháp
9085	-11.398832	▁método
9086	-11.398844	▁kilimo
9087	-11.398855	였던
9088	-11.398952	رأس
9089	-11.405634	験
9090	-11.405695	▁temperature
9091	-11.405695	张
9092	-11.405696	jewelry
9093	-11.405696	▁fundamental
9094	-11.405696	▁militaire
9095	-11.405696	韓
9096	-11.405696	돼
9097	-11.405697	佈
9098	-11.405699	▁kullanılır
9099	-11.405699	仍
9100	-11.405700	▁accident
9101	-11.405704	宁
9102	-11.405722	▁حركة
9103	-11.405723	▁पहाड़
9104	-11.405740	▁ظهر
9105	-11.405748	▁stuck
9106	-11.405754	▁pressure
9107	-11.405773	▁최고
9108	-11.406098	▁الجنس
9109	-11.406873	▁длин
9110	-11.407460	▁государство
9111	-11.410299	creative
9112	-11.412638	园
9113	-11.412640	▁actividad
9114	-11.412640	▁britannique
9115	-11.412640	▁técnica
9116	-11.412640	▁имеют
9117	-11.412640	▁месяц
9118	-11.412640	▁اكتشاف
9119	-11.412640	▁الكيميائي
9120	-11.412640	봉
9121	-11.412641	兴
9122	-11.412641	背
9123	-11.412642	▁dụng
9124	-11.412642	树
9125	-11.412642	融
9126	-11.412642	试
9127	-11.412643	▁explain
9128	-11.412644	太平洋
9129	-11.412647	▁aparece
9130	-11.412652	▁الحدود
9131	-11.412662	▁설립
9132	-11.412677	▁calendar
9133	-11.412681	▁kelime
9134	-11.412699	▁integra
9135	-11.412832	▁высоко
9136	-11.412860	▁régime
9137	-11.412984	▁hakkı
9138	-11.413061	étude
9139	-11.413165	▁phase
9140	-11.414133	▁maior
9141	-11.415912	ていない
9142	-11.416173	فضل
9143	-11.419593	係
9144	-11.419633	▁hüküm
9145	-11.419633	▁أكتوبر
9146	-11.419633	▁الدستور
9147	-11.419633	▁سبتمبر
9148	-11.419633	혀
9149	-11.419634	衝
9150	-11.419635	▁يوليو
9151	-11.419635	イタリア
9152	-11.419635	墨
9153	-11.419635	稀
9154	-11.419636	夜
9155	-11.419636	絵
9156	-11.419639	▁nombreux
9157	-11.419639	▁platform
9158	-11.419650	▁감염
9159	-11.419681	▁системы
9160	-11.419700	▁explora
9161	-11.419724	▁sigara
9162	-11.419828	قياس
9163	-11.419857	▁слова
9164	-11.422127	▁الإسرائيلي
9165	-11.424001	ल्ल
9166	-11.426601	견
9167	-11.426674	暗
9168	-11.426675	philadelphia
9169	-11.426675	▁конституци
9170	-11.426675	▁строитель
9171	-11.426675	▁सदस्य
9172	-11.426675	刻
9173	-11.426675	遣
9174	-11.426675	섭
9175	-11.426676	▁internacional
9176	-11.426676	▁встреч
9177	-11.426676	帰
9178	-11.426677	樂
9179	-11.426678	伐
9180	-11.426679	賞
9181	-11.426680	▁kontrol
9182	-11.426690	▁uchumi
9183	-11.426690	▁качеств
9184	-11.426702	▁rouge
9185	-11.426832	▁الشعب
9186	-11.427187	▁дорог
9187	-11.427233	ходят
9188	-11.432592	complet
9189	-11.433766	轄
9190	-11.433767	ĩ
9191	-11.433767	॰
9192	-11.433767	▁pequeño
9193	-11.433767	▁yaklaşık
9194	-11.433767	▁больше
9195	-11.433767	牙
9196	-11.433768	眾
9197	-11.433769	億
9198	-11.433769	缺
9199	-11.433770	镇
9200	-11.433771	鉱
9201	-11.433772	煤
9202	-11.433778	fanikiwa
9203	-11.433784	ثقافة
9204	-11.433803	▁msimu
9205	-11.433864	▁interior
9206	-11.434091	desert
9207	-11.439168	perfect
9208	-11.440909	ϊ
9209	-11.440909	▁molécula
9210	-11.440909	▁ग्रंथ
9211	-11.440909	児
9212	-11.440909	壓
9213	-11.440909	甚
9214	-11.440909	粉
9215	-11.440909	얼
9216	-11.440910	ễ
9217	-11.440910	▁представлен
9218	-11.440910	▁आर्थिक
9219	-11.440910	▁방정식
9220	-11.440910	映
9221	-11.440911	▁pequeña
9222	-11.440911	▁океан
9223	-11.440911	▁مستوى
9224	-11.440911	矿
9225	-11.440913	▁nzuri
9226	-11.440922	▁author
9227	-11.440922	▁농업
9228	-11.440925	▁tête
9229	-11.440928	▁midnight
9230	-11.441045	▁meteor
9231	-11.442798	ывать
9232	-11.442930	ائز
9233	-11.446796	अ
9234	-11.446903	country
9235	-11.448104	basketball
9236	-11.448104	▁bidhaa
9237	-11.448104	▁kisiasa
9238	-11.448104	▁légèrement
9239	-11.448104	▁pnömoni
9240	-11.448104	▁중화인민공화국
9241	-11.448104	掘
9242	-11.448104	蒸
9243	-11.448104	났
9244	-11.448104	되었으며
9245	-11.448104	힘
9246	-11.448105	▁ejemplo
9247	-11.448105	验
9248	-11.448105	죽
9249	-11.448106	▁하얀
9250	-11.448107	▁wabunge
9251	-11.448109	▁gelişme
9252	-11.448112	▁kubadili
9253	-11.448138	▁يونيو
9254	-11.448187	▁example
9255	-11.448189	warrior
9256	-11.448207	▁fossil
9257	-11.449030	نشر
9258	-11.449882	▁свои
9259	-11.455345	헌
9260	-11.455350	▁называют
9261	-11.455350	礼
9262	-11.455351	▁обычно
9263	-11.455351	▁यूरोप
9264	-11.455351	▁최초로
9265	-11.455351	脱
9266	-11.455351	뒤
9267	-11.455351	흑
9268	-11.455352	▁eventually
9269	-11.455352	雷
9270	-11.455353	▁двух
9271	-11.455356	▁introduce
9272	-11.455362	▁نهاية
9273	-11.455390	▁أربع
9274	-11.455398	▁café
9275	-11.455680	▁drug
9276	-11.455827	▁membre
9277	-11.456199	▁contract
9278	-11.462336	と呼ばれ
9279	-11.462555	ョ
9280	-11.462595	thankful
9281	-11.462649	协
9282	-11.462649	录
9283	-11.462649	評
9284	-11.462650	shenanigans
9285	-11.462650	ซ
9286	-11.462650	▁единиц
9287	-11.462650	▁اقتصاد
9288	-11.462650	ゼ
9289	-11.462650	殊
9290	-11.462651	負
9291	-11.462652	壤
9292	-11.462652	灭
9293	-11.462653	极
9294	-11.462654	▁법칙
9295	-11.462654	儒
9296	-11.462655	▁kıyı
9297	-11.462663	▁또한
9298	-11.462667	▁convention
9299	-11.462670	▁cuisine
9300	-11.462670	▁hormon
9301	-11.462679	دفاع
9302	-11.462689	worship
9303	-11.462791	▁bakteri
9304	-11.462815	anglais
9305	-11.462861	▁банк
9306	-11.462910	▁الرسمي
9307	-11.464058	costume
9308	-11.464261	▁escala
9309	-11.465459	سمح
9310	-11.470001	丰
9311	-11.470003	▁kupunguza
9312	-11.470003	▁mamlaka
9313	-11.470003	▁إيران
9314	-11.470003	▁पहुंच
9315	-11.470003	签
9316	-11.470003	覆
9317	-11.470003	銅
9318	-11.470003	馆
9319	-11.470004	席
9320	-11.470005	苗
9321	-11.470007	▁güven
9322	-11.470008	普遍
9323	-11.470031	▁çıkan
9324	-11.470041	▁lugha
9325	-11.470042	isotope
9326	-11.470042	▁distance
9327	-11.470422	سقط
9328	-11.474457	daniel
9329	-11.477169	析
9330	-11.477407	己
9331	-11.477408	臨
9332	-11.477410	imwithher
9333	-11.477410	▁economic
9334	-11.477410	▁established
9335	-11.477410	▁व्यापार
9336	-11.477410	▁शासक
9337	-11.477410	职
9338	-11.477411	▁области
9339	-11.477411	▁अपनी
9340	-11.477411	卵
9341	-11.477413	奪
9342	-11.477422	▁answer
9343	-11.477427	▁음악
9344	-11.477428	graduation
9345	-11.477432	قائد
9346	-11.477460	▁특정
9347	-11.477497	▁शक्ति
9348	-11.477596	▁अन्त
9349	-11.477889	ीकरण
9350	-11.477984	▁сельско
9351	-11.482935	helm
9352	-11.483040	كتابة
9353	-11.483572	5,000
9354	-11.484873	▁analysis
9355	-11.484873	▁découvert
9356	-11.484873	働
9357	-11.484873	徒
9358	-11.484873	撃
9359	-11.484873	끝
9360	-11.484874	engagement
9361	-11.484874	exercise
9362	-11.484874	▁şehir
9363	-11.484874	▁когда
9364	-11.484875	أقدم
9365	-11.484876	傾
9366	-11.484892	▁يستخدم
9367	-11.485003	▁israel
9368	-11.485103	▁spike
9369	-11.485268	▁южно
9370	-11.485667	graduate
9371	-11.488590	▁aumenta
9372	-11.492151	▁manifest
9373	-11.492392	administration
9374	-11.492392	enseignement
9375	-11.492392	ë
9376	-11.492392	▁kutafuta
9377	-11.492392	▁uingereza
9378	-11.492392	戸
9379	-11.492392	祭
9380	-11.492393	▁knowledge
9381	-11.492393	▁построен
9382	-11.492393	▁أواخر
9383	-11.492393	▁المملكة
9384	-11.492393	該
9385	-11.492394	アドレス
9386	-11.492395	▁rôle
9387	-11.492395	▁सर्व
9388	-11.492463	effet
9389	-11.492481	▁potato
9390	-11.492546	▁حجم
9391	-11.496859	نصب
9392	-11.498218	liberty
9393	-11.499967	據
9394	-11.499967	膜
9395	-11.499968	▁territorial
9396	-11.499968	▁ugonjwa
9397	-11.499968	▁worried
9398	-11.499968	▁öğretme
9399	-11.499968	▁впервые
9400	-11.499968	▁необходим
9401	-11.499968	▁себя
9402	-11.499968	▁являются
9403	-11.499968	▁للغامق
9404	-11.499968	▁نوفمبر
9405	-11.499968	▁스페인
9406	-11.499968	몬
9407	-11.499969	句
9408	-11.499970	▁japón
9409	-11.499970	希腊
9410	-11.499973	といった
9411	-11.499984	▁lớn
9412	-11.499988	▁souvent
9413	-11.499995	▁gıda
9414	-11.500012	▁크게
9415	-11.500215	▁बदल
9416	-11.500620	▁военно
9417	-11.500879	crown
9418	-11.505558	▁celebra
9419	-11.507565	需
9420	-11.507601	▁edebiyat
9421	-11.507601	▁mitteldunkle
9422	-11.507601	▁mittelhelle
9423	-11.507601	▁mittlere
9424	-11.507601	▁olivastra
9425	-11.507601	▁speech
9426	-11.507601	▁मात्रा
9427	-11.507601	▁सामान्य
9428	-11.507601	▁स्कूल
9429	-11.507601	▁やや薄い肌色
9430	-11.507601	▁中間の肌色
9431	-11.507601	▁오스트레일리아
9432	-11.507601	冠
9433	-11.507604	恐
9434	-11.507604	공화국
9435	-11.507607	कालीन
9436	-11.507608	▁dunkle
9437	-11.507617	▁seviye
9438	-11.507650	▁saldırı
9439	-11.507672	▁uydu
9440	-11.513051	américa
9441	-11.515293	президент
9442	-11.515293	▁manipulation
9443	-11.515293	▁vücut
9444	-11.515293	▁أفريقيا
9445	-11.515293	▁ديسمبر
9446	-11.515293	▁غامق
9447	-11.515293	▁ومعتدل
9448	-11.515293	▁हिस्सा
9449	-11.515293	▁やや濃い肌色
9450	-11.515293	▁薄い肌色
9451	-11.515293	奉
9452	-11.515293	房
9453	-11.515293	퇴
9454	-11.515295	▁moyennement
9455	-11.515296	宿
9456	-11.515297	药
9457	-11.522971	陽
9458	-11.523046	므
9459	-11.523047	團
9460	-11.523047	紅
9461	-11.523047	葬
9462	-11.523048	愛
9463	-11.523048	羊
9464	-11.530857	邊
9465	-11.530858	콘
9466	-11.530860	漫
9467	-11.530861	伤
9468	-11.530861	弾
9469	-11.538730	浮
9470	-11.538730	訂
9471	-11.538732	崩
9472	-11.538732	붙
9473	-11.538732	흔
9474	-11.538733	烈
9475	-11.538733	脸
9476	-11.538733	맹
9477	-11.538733	紙
9478	-11.538736	友
9479	-11.546667	ถ
9480	-11.546667	鼓
9481	-11.546668	佐
9482	-11.546668	헤
9483	-11.546669	ใ
9484	-11.546669	荒
9485	-11.546670	墓
9486	-11.546671	宪
9487	-11.554666	临
9488	-11.554669	磷
9489	-11.562730	俗
9490	-11.562732	氢
9491	-11.562732	項
9492	-11.562733	伏
9493	-11.562733	众
9494	-11.562733	뉴
9495	-11.570862	満
9496	-11.570863	써
9497	-11.570865	储
9498	-11.570865	迎
9499	-11.570867	绿
9500	-11.578991	념
9501	-11.579058	拥
9502	-11.579059	畜
9503	-11.579060	땅
9504	-11.579060	롯
9505	-11.579060	멸
9506	-11.579061	坦
9507	-11.579062	亂
9508	-11.579063	汇
9509	-11.587322	几
9510	-11.587322	孫
9511	-11.587324	握
9512	-11.587324	톤
9513	-11.587325	触
9514	-11.587326	输
9515	-11.595651	簽
9516	-11.595656	费
9517	-11.595657	ף
9518	-11.595657	擁
9519	-11.595658	儀
9520	-11.595658	逆
9521	-11.595659	衡
9522	-11.604059	露
9523	-11.604060	參
9524	-11.604061	扩
9525	-11.604061	薄
9526	-11.604061	렸
9527	-11.604061	탕
9528	-11.604062	貨
9529	-11.604063	阶
9530	-11.604065	盐
9531	-11.612535	飾
9532	-11.612535	ỗ
9533	-11.612535	궁
9534	-11.612535	빨
9535	-11.612535	척
9536	-11.612536	売
9537	-11.612536	悪
9538	-11.612536	歸
9539	-11.612536	疆
9540	-11.612536	疗
9541	-11.612537	倒
9542	-11.612537	甘
9543	-11.612541	既
9544	-11.621080	龙
9545	-11.621081	鍵
9546	-11.621083	専
9547	-11.621083	潜
9548	-11.621083	몰
9549	-11.621083	웨
9550	-11.621083	킬
9551	-11.621084	ผ
9552	-11.621084	ศ
9553	-11.621084	梁
9554	-11.621086	墳
9555	-11.621092	宝
9556	-11.625330	불
9557	-11.629625	纪
9558	-11.629695	倉
9559	-11.629702	况
9560	-11.629703	縮
9561	-11.629703	艺
9562	-11.629704	엄
9563	-11.629704	嚴
9564	-11.629704	抑
9565	-11.629704	狭
9566	-11.629705	唱
9567	-11.629705	团
9568	-11.629705	漁
9569	-11.629705	竹
9570	-11.629706	架
9571	-11.638398	슈
9572	-11.638399	污
9573	-11.638401	监
9574	-11.638403	兼
9575	-11.647169	刀
9576	-11.647170	ょ
9577	-11.647170	归
9578	-11.647171	ō
9579	-11.647171	待
9580	-11.647171	聲
9581	-11.647171	辺
9582	-11.647171	십
9583	-11.647171	잠
9584	-11.647174	樣
9585	-11.647174	氫
9586	-11.647175	拔
9587	-11.647176	项
9588	-11.656015	칙
9589	-11.656020	废
9590	-11.656020	鎮
9591	-11.656020	느
9592	-11.656021	喜
9593	-11.656021	欠
9594	-11.656021	紫
9595	-11.656021	驗
9596	-11.656024	阻
9597	-11.664948	黃
9598	-11.664948	鼻
9599	-11.664948	센
9600	-11.664949	慣
9601	-11.664949	雑
9602	-11.664950	滑
9603	-11.664951	拿
9604	-11.664951	罪
9605	-11.664953	码
9606	-11.673956	撮
9607	-11.673957	빠
9608	-11.673958	魚
9609	-11.673959	孔
9610	-11.673959	麻
9611	-11.673961	迅
9612	-11.673961	驻
9613	-11.673963	该
9614	-11.683044	⠀
9615	-11.683046	錄
9616	-11.683047	鳥
9617	-11.683048	培
9618	-11.683048	智
9619	-11.683048	礦
9620	-11.683048	賀
9621	-11.683048	預
9622	-11.683048	런
9623	-11.683048	잔
9624	-11.683048	즘
9625	-11.683049	災
9626	-11.683049	犯
9627	-11.692223	申
9628	-11.692224	敵
9629	-11.692224	街
9630	-11.692224	貢
9631	-11.692224	낸
9632	-11.692224	흐
9633	-11.692225	泉
9634	-11.692225	粮
9635	-11.692225	腺
9636	-11.692225	隨
9637	-11.701456	环
9638	-11.701481	洞
9639	-11.701482	允
9640	-11.701483	晚
9641	-11.701483	简
9642	-11.701483	襲
9643	-11.701484	否
9644	-11.701484	芸
9645	-11.701485	葡
9646	-11.701485	鈹
9647	-11.701486	熟
9648	-11.701486	皆
9649	-11.701488	殿
9650	-11.710828	俘
9651	-11.710828	削
9652	-11.710828	隶
9653	-11.710829	休
9654	-11.710829	救
9655	-11.710829	희
9656	-11.710831	绝
9657	-11.710833	飞
9658	-11.720112	庭
9659	-11.720261	漠
9660	-11.720262	炸
9661	-11.720262	雙
9662	-11.720263	٪
9663	-11.720263	턴
9664	-11.720263	陷
9665	-11.720266	撲
9666	-11.729781	横
9667	-11.729786	請
9668	-11.729786	셈
9669	-11.729787	ヨ
9670	-11.729789	刑
9671	-11.729789	剂
9672	-11.729790	尊
9673	-11.739238	럽
9674	-11.739398	契
9675	-11.739401	贸
9676	-11.739401	굴
9677	-11.739402	¿
9678	-11.739402	搭
9679	-11.739402	摂
9680	-11.739402	释
9681	-11.739403	卷
9682	-11.739403	贝
9683	-11.739405	ゆ
9684	-11.739405	尿
9685	-11.739406	召
9686	-11.739406	豊
9687	-11.749108	誌
9688	-11.749109	伸
9689	-11.749109	拓
9690	-11.749109	斷
9691	-11.749110	塩
9692	-11.749110	칠
9693	-11.749111	衣
9694	-11.749112	漸
9695	-11.749112	胜
9696	-11.758912	猫
9697	-11.758914	ỳ
9698	-11.758914	井
9699	-11.758914	貧
9700	-11.758914	옥
9701	-11.758914	익
9702	-11.758914	팔
9703	-11.758914	풀
9704	-11.758915	负
9705	-11.758916	亜
9706	-11.758916	巻
9707	-11.758916	灾
9708	-11.758916	羽
9709	-11.758918	執
9710	-11.758918	犬
9711	-11.768813	藝
9712	-11.768813	蝦
9713	-11.768815	尚
9714	-11.768815	艦
9715	-11.768815	숭
9716	-11.768815	콜
9717	-11.768816	劳
9718	-11.768816	址
9719	-11.768816	责
9720	-11.768816	훈
9721	-11.778813	脳
9722	-11.778813	貝
9723	-11.778814	灌
9724	-11.778814	놓
9725	-11.778814	휘
9726	-11.778815	ẫ
9727	-11.778815	吐
9728	-11.778815	遇
9729	-11.778815	혹
9730	-11.778816	床
9731	-11.778818	駐
9732	-11.788883	爭
9733	-11.788916	痛
9734	-11.788917	叛
9735	-11.788917	幹
9736	-11.788917	秒
9737	-11.788917	糸
9738	-11.788917	졸
9739	-11.788918	按
9740	-11.788918	假
9741	-11.788919	携
9742	-11.788923	鲁
9743	-11.788924	伽
9744	-11.799116	齢
9745	-11.799118	奧
9746	-11.799119	庫
9747	-11.799119	擴
9748	-11.799119	让
9749	-11.799120	读
9750	-11.799120	빛
9751	-11.799120	촉
9752	-11.799121	乘
9753	-11.799121	偏
9754	-11.799121	庁
9755	-11.799122	苦
9756	-11.799123	铜
9757	-11.809428	ỡ
9758	-11.809429	싸
9759	-11.809429	콩
9760	-11.809431	侯
9761	-11.809431	憶
9762	-11.809431	訪
9763	-11.809431	針
9764	-11.809434	款
9765	-11.809434	燕
9766	-11.819754	蒙
9767	-11.819839	縄
9768	-11.819842	杜
9769	-11.819845	藻
9770	-11.819846	埋
9771	-11.819846	巡
9772	-11.819846	갑
9773	-11.819846	략
9774	-11.819846	륨
9775	-11.819846	쇠
9776	-11.819848	龍
9777	-11.819849	圣
9778	-11.819849	徵
9779	-11.819850	孙
9780	-11.830370	輕
9781	-11.830372	仁
9782	-11.830372	션
9783	-11.830372	웃
9784	-11.830373	徳
9785	-11.830373	縣
9786	-11.830374	課
9787	-11.830374	貴
9788	-11.830374	静
9789	-11.830375	奇
9790	-11.830375	屠
9791	-11.830376	恆
9792	-11.830377	淡
9793	-11.830379	弗
9794	-11.840990	跡
9795	-11.841010	严
9796	-11.841010	焼
9797	-11.841010	邪
9798	-11.841010	겠
9799	-11.841010	싱
9800	-11.841011	呈
9801	-11.841013	估
9802	-11.841013	挥
9803	-11.841015	燥
9804	-11.841015	紛
9805	-11.851761	誕
9806	-11.851762	尺
9807	-11.851762	軽
9808	-11.851763	傷
9809	-11.851763	訳
9810	-11.851763	軸
9811	-11.851763	렌
9812	-11.851764	勃
9813	-11.851764	却
9814	-11.851764	蓄
9815	-11.851764	핀
9816	-11.851765	溝
9817	-11.851765	瑞
9818	-11.851766	釈
9819	-11.851766	靠
9820	-11.851768	堡
9821	-11.862484	控
9822	-11.862629	臺
9823	-11.862631	媒
9824	-11.862631	险
9825	-11.862632	ึ
9826	-11.862632	證
9827	-11.862632	흥
9828	-11.873553	録
9829	-11.873616	歲
9830	-11.873619	亲
9831	-11.873621	畫
9832	-11.873621	陶
9833	-11.873621	깨
9834	-11.873622	灯
9835	-11.873622	둔
9836	-11.873622	폰
9837	-11.873622	픽
9838	-11.873624	魏
9839	-11.873625	彼
9840	-11.873625	營
9841	-11.873625	躍
9842	-11.882168	积
9843	-11.884728	细
9844	-11.884732	寧
9845	-11.884732	監
9846	-11.884732	誤
9847	-11.884733	硫
9848	-11.884733	筆
9849	-11.884733	请
9850	-11.884733	踏
9851	-11.884733	곤
9852	-11.884733	꾸
9853	-11.884734	抽
9854	-11.884734	终
9855	-11.884734	誘
9856	-11.884735	宫
9857	-11.884735	秘
9858	-11.884736	某
9859	-11.895965	旋
9860	-11.895968	循
9861	-11.895968	桥
9862	-11.895968	癌
9863	-11.895968	벽
9864	-11.895968	윤
9865	-11.895968	틴
9866	-11.895970	售
9867	-11.895971	招
9868	-11.895971	揮
9869	-11.895971	遅
9870	-11.895974	蔵
9871	-11.895974	閉
9872	-11.907331	兒
9873	-11.907331	腹
9874	-11.907331	−
9875	-11.907331	研
9876	-11.907331	适
9877	-11.907332	ญ
9878	-11.907332	ỷ
9879	-11.907332	乎
9880	-11.907332	泊
9881	-11.907332	灰
9882	-11.907332	答
9883	-11.907332	艇
9884	-11.907332	둥
9885	-11.907333	彩
9886	-11.907333	徽
9887	-11.907333	腦
9888	-11.907333	額
9889	-11.907333	齐
9890	-11.907334	緊
9891	-11.907334	补
9892	-11.907337	够
9893	-11.907337	訓
9894	-11.918824	棄
9895	-11.918825	丸
9896	-11.918827	萨
9897	-11.918827	칸
9898	-11.918828	牌
9899	-11.918828	胡
9900	-11.918828	芬
9901	-11.918829	毁
9902	-11.918829	軟
9903	-11.918830	爱
9904	-11.918831	ゃ
9905	-11.918831	纽
9906	-11.930454	券
9907	-11.930454	碱
9908	-11.930454	箱
9909	-11.930454	뇨
9910	-11.930455	努
9911	-11.930455	吃
9912	-11.930455	붕
9913	-11.930455	씨
9914	-11.930458	焦
9915	-11.930458	酵
9916	-11.930459	诸
9917	-11.930460	朱
9918	-11.930464	綱
9919	-11.942194	胞
9920	-11.942215	沖
9921	-11.942218	译
9922	-11.942219	김
9923	-11.942220	楚
9924	-11.942220	烧
9925	-11.942220	耐
9926	-11.942220	먼
9927	-11.942222	柱
9928	-11.942223	洗
9929	-11.954076	歷
9930	-11.954123	労
9931	-11.954123	厚
9932	-11.954123	冲
9933	-11.954123	曹
9934	-11.954123	裡
9935	-11.954124	纸
9936	-11.954125	什
9937	-11.954125	溯
9938	-11.954129	眠
9939	-11.954134	晋
9940	-11.965909	哲
9941	-11.966161	획
9942	-11.966172	ץ
9943	-11.966172	腐
9944	-11.966172	销
9945	-11.966172	雅
9946	-11.966172	헬
9947	-11.966173	圆
9948	-11.966173	脑
9949	-11.966173	찾
9950	-11.978366	届
9951	-11.978366	庆
9952	-11.978366	慢
9953	-11.978368	玄
9954	-11.978368	贵
9955	-11.978368	죄
9956	-11.978369	异
9957	-11.978369	頼
9958	-11.990347	没
9959	-11.990699	概
9960	-11.990711	朗
9961	-11.990711	稅
9962	-11.990713	享
9963	-11.990713	셀
9964	-11.990714	燒
9965	-11.990714	讓
9966	-11.990715	頻
9967	-11.990717	刊
9968	-11.990717	濃
9969	-12.003210	妻
9970	-12.003212	譜
9971	-12.003213	ї
9972	-12.003213	냐
9973	-12.003213	릴
9974	-12.003213	짓
9975	-12.003213	틀
9976	-12.003213	힌
9977	-12.003214	顯
9978	-12.003215	ふ
9979	-12.003215	妊
9980	-12.003216	亮
9981	-12.003217	賽
9982	-12.015869	寿
9983	-12.015870	嘉
9984	-12.015870	泡
9985	-12.015870	辅
9986	-12.015871	优
9987	-12.015871	臭
9988	-12.015871	裝
9989	-12.015871	顶
9990	-12.015871	餘
9991	-12.015872	肌
9992	-12.015872	辽
9993	-12.015873	库
9994	-12.015873	氷
9995	-12.015875	爵
9996	-12.015883	琉
9997	-12.028628	护
9998	-12.028687	峡
9999	-12.028691	拳
10000	-12.028691	델
10001	-12.028692	臓
10002	-12.028692	냈
10003	-12.028693	審
10004	-12.028694	戶
10005	-12.028694	練
10006	-12.028695	宜
10007	-12.028695	赫
10008	-12.028696	姆
10009	-12.028696	戻
10010	-12.041673	诺
10011	-12.041677	订
10012	-12.041678	몽
10013	-12.041678	뿐
10014	-12.041678	팅
10015	-12.041679	婦
10016	-12.041679	찬
10017	-12.041679	푸
10018	-12.041680	損
10019	-12.041680	釋
10020	-12.041681	乏
10021	-12.041681	壁
10022	-12.041681	戀
10023	-12.041681	扬
10024	-12.041681	駆
10025	-12.041682	伦
10026	-12.054832	吨
10027	-12.054833	龄
10028	-12.054835	價
10029	-12.054835	换
10030	-12.054835	泥
10031	-12.054836	屈
10032	-12.054836	戏
10033	-12.054836	耗
10034	-12.054837	責
10035	-12.054838	零
10036	-12.054839	班
10037	-12.054840	恩
10038	-12.054841	晉
10039	-12.061511	«
10040	-12.068167	蜀
10041	-12.068167	钱
10042	-12.068169	镜
10043	-12.068169	鼠
10044	-12.068170	疑
10045	-12.068170	穴
10046	-12.068170	肺
10047	-12.068171	奖
10048	-12.068171	箭
10049	-12.068171	胎
10050	-12.068171	轻
10051	-12.068171	짜
10052	-12.068172	顿
10053	-12.068172	厳
10054	-12.068172	斗
10055	-12.068173	氟
10056	-12.081674	秀
10057	-12.081680	颁
10058	-12.081681	辦
10059	-12.081682	彈
10060	-12.081682	胃
10061	-12.081683	穿
10062	-12.081683	锅
10063	-12.081683	쌀
10064	-12.081684	拜
10065	-12.081684	昌
10066	-12.081684	翌
10067	-12.081684	닥
10068	-12.081684	쇄
10069	-12.081684	웹
10070	-12.081685	诗
10071	-12.081686	刷
10072	-12.081686	孕
10073	-12.081686	枝
10074	-12.081686	瓜
10075	-12.081686	稻
10076	-12.081686	韻
10077	-12.081687	乌
10078	-12.090002	알
10079	-12.095380	剤
10080	-12.095381	难
10081	-12.095382	歩
10082	-12.095382	롤
10083	-12.095383	؟
10084	-12.095383	ẽ
10085	-12.095383	債
10086	-12.095383	盖
10087	-12.095383	딩
10088	-12.095383	숫
10089	-12.095385	噴
10090	-12.095386	敬
10091	-12.095387	苔
10092	-12.095387	衍
10093	-12.109267	灣
10094	-12.109269	紐
10095	-12.109270	叫
10096	-12.109270	诞
10097	-12.109270	魯
10098	-12.109271	脚
10099	-12.109271	늄
10100	-12.109271	맛
10101	-12.109272	敷
10102	-12.109272	沉
10103	-12.109273	歯
10104	-12.109273	鋰
10105	-12.109274	須
10106	-12.109276	橋
10107	-12.109276	茎
10108	-12.109281	淮
10109	-12.123333	织
10110	-12.123353	崎
10111	-12.123354	尤
10112	-12.123354	隣
10113	-12.123355	엘
10114	-12.123356	객
10115	-12.123356	빌
10116	-12.123357	岁
10117	-12.123357	执
10118	-12.123357	拟
10119	-12.123357	氯
10120	-12.123358	租
10121	-12.123361	脉
10122	-12.123362	毎
10123	-12.137639	滿
10124	-12.137641	昇
10125	-12.137641	缩
10126	-12.137641	饮
10127	-12.137641	낙
10128	-12.137642	ẹ
10129	-12.137642	弁
10130	-12.137642	桑
10131	-12.137642	盘
10132	-12.137642	芽
10133	-12.137642	렀
10134	-12.137642	튜
10135	-12.137643	๊
10136	-12.137643	倫
10137	-12.137643	匈
10138	-12.137643	熔
10139	-12.137643	篇
10140	-12.137643	臘
10141	-12.137644	找
10142	-12.137645	斜
10143	-12.137648	鹽
10144	-12.152105	济
10145	-12.152131	乙
10146	-12.152133	套
10147	-12.152133	狩
10148	-12.152133	診
10149	-12.152133	갔
10150	-12.152134	劉
10151	-12.152134	塵
10152	-12.152134	웠
10153	-12.152134	쳤
10154	-12.152135	\
10155	-12.152135	崇
10156	-12.152135	珍
10157	-12.152135	闘
10158	-12.152135	텔
10159	-12.152136	杉
10160	-12.152138	僧
10161	-12.152140	藤
10162	-12.152140	顺
10163	-12.152141	烟
10164	-12.166836	剩
10165	-12.166837	凝
10166	-12.166838	奶
10167	-12.166839	晴
10168	-12.166839	禮
10169	-12.166840	络
10170	-12.166841	朔
10171	-12.166841	묘
10172	-12.166842	柏
10173	-12.166842	沈
10174	-12.166842	粘
10175	-12.166842	頓
10176	-12.166842	珠
10177	-12.166844	睡
10178	-12.166846	顕
10179	-12.181761	庙
10180	-12.181766	æ
10181	-12.181766	뼈
10182	-12.181767	祝
10183	-12.181767	启
10184	-12.181767	譯
10185	-12.181768	僅
10186	-12.181768	鉛
10187	-12.181770	葛
10188	-12.181770	衆
10189	-12.181771	歳
10190	-12.181771	浅
10191	-12.181772	吴
10192	-12.196914	穆
10193	-12.196915	翰
10194	-12.196916	͏
10195	-12.196916	ゥ
10196	-12.196916	撞
10197	-12.196916	糧
10198	-12.196916	荣
10199	-12.196917	课
10200	-12.196917	랙
10201	-12.196917	숙
10202	-12.196917	쉽
10203	-12.196918	遂
10204	-12.196918	鸡
10205	-12.196918	杂
10206	-12.196918	泌
10207	-12.196918	綠
10208	-12.196919	逼
10209	-12.196920	莱
10210	-12.212296	兄
10211	-12.212296	渔
10212	-12.212297	熊
10213	-12.212298	郊
10214	-12.212299	肝
10215	-12.212300	吞
10216	-12.212300	旱
10217	-12.212301	措
10218	-12.212301	涉
10219	-12.212301	킹
10220	-12.212302	氮
10221	-12.212303	酶
10222	-12.212304	雜
10223	-12.212305	菲
10224	-12.227922	袭
10225	-12.227922	辛
10226	-12.227923	幣
10227	-12.227923	琴
10228	-12.227926	擔
10229	-12.227926	봇
10230	-12.227926	엽
10231	-12.227926	켓
10232	-12.227926	튼
10233	-12.227927	宅
10234	-12.227927	宽
10235	-12.227927	렵
10236	-12.227927	털
10237	-12.227928	纯
10238	-12.227928	链
10239	-12.227930	頂
10240	-12.227930	额
10241	-12.227931	猪
10242	-12.227932	岐
10243	-12.243798	冒
10244	-12.243798	浸
10245	-12.243798	聴
10246	-12.243799	ẻ
10247	-12.243799	님
10248	-12.243799	큼
10249	-12.243800	偶
10250	-12.243800	坐
10251	-12.243800	談
10252	-12.243800	跨
10253	-12.243800	융
10254	-12.243800	짐
10255	-12.243802	ゾ
10256	-12.243803	紹
10257	-12.259918	禅
10258	-12.259926	ざ
10259	-12.259926	雇
10260	-12.259927	抱
10261	-12.259927	桃
10262	-12.259928	^
10263	-12.259928	廢
10264	-12.259928	탁
10265	-12.259929	ā
10266	-12.259929	撰
10267	-12.259929	緑
10268	-12.259929	钾
10269	-12.259929	틱
10270	-12.259930	枯
10271	-12.259930	棒
10272	-12.259931	坏
10273	-12.259931	甸
10274	-12.259931	矢
10275	-12.259932	累
10276	-12.276314	諾
10277	-12.276320	仏
10278	-12.276320	冊
10279	-12.276321	浪
10280	-12.276321	玻
10281	-12.276321	痘
10282	-12.276321	舌
10283	-12.276321	财
10284	-12.276321	逝
10285	-12.276321	쌍
10286	-12.276321	젠
10287	-12.276322	岳
10288	-12.276325	敦
10289	-12.276326	孩
10290	-12.276327	抜
10291	-12.292986	摄
10292	-12.292987	宰
10293	-12.292988	벤
10294	-12.292989	璃
10295	-12.292989	買
10296	-12.292989	왜
10297	-12.292989	욕
10298	-12.292989	혜
10299	-12.292990	夺
10300	-12.292990	螺
10301	-12.292990	讨
10302	-12.292990	녀
10303	-12.292991	徐
10304	-12.292991	曆
10305	-12.292991	罕
10306	-12.292991	评
10307	-12.292991	针
10308	-12.292993	雌
10309	-12.292994	犹
10310	-12.309934	緩
10311	-12.309935	绘
10312	-12.309936	ぜ
10313	-12.309937	午
10314	-12.309937	孤
10315	-12.309937	繊
10316	-12.309937	週
10317	-12.309937	斐
10318	-12.309937	겼
10319	-12.309937	룬
10320	-12.309938	札
10321	-12.309938	汚
10322	-12.309938	販
10323	-12.309939	弹
10324	-12.309939	払
10325	-12.309939	柴
10326	-12.309940	灵
10327	-12.309940	软
10328	-12.309941	拒
10329	-12.309946	廉
10330	-12.309947	蜂
10331	-12.327155	織
10332	-12.327170	堆
10333	-12.327177	彙
10334	-12.327178	冶
10335	-12.327178	镁
10336	-12.327178	꼬
10337	-12.327179	ך
10338	-12.327179	乡
10339	-12.327179	屯
10340	-12.327179	弓
10341	-12.327179	氨
10342	-12.327179	薩
10343	-12.327179	贡
10344	-12.327179	놀
10345	-12.327179	뜨
10346	-12.327179	슨
10347	-12.327180	戲
10348	-12.327180	揚
10349	-12.327181	岡
10350	-12.327181	谱
10351	-12.327181	饭
10352	-12.327183	袋
10353	-12.344716	浜
10354	-12.344721	励
10355	-12.344721	撒
10356	-12.344722	杯
10357	-12.344723	卖
10358	-12.344723	昭
10359	-12.344723	鸟
10360	-12.344724	轮
10361	-12.344724	뛰
10362	-12.344726	仿
10363	-12.344726	倡
10364	-12.344726	夠
10365	-12.344726	毀
10366	-12.344727	迪
10367	-12.344728	讲
10368	-12.344728	閣
10369	-12.362239	韩
10370	-12.362573	孟
10371	-12.362574	浦
10372	-12.362578	蓋
10373	-12.362579	垂
10374	-12.362579	尉
10375	-12.362580	ź
10376	-12.362580	剛
10377	-12.362580	圓
10378	-12.362580	擬
10379	-12.362580	钟
10380	-12.362580	飼
10381	-12.362580	쌓
10382	-12.362580	톱
10383	-12.362581	宾
10384	-12.362581	덴
10385	-12.362581	윈
10386	-12.362582	押
10387	-12.362582	暑
10388	-12.362582	潤
10389	-12.362582	覧
10390	-12.362583	膨
10391	-12.362584	稳
10392	-12.362587	ヶ
10393	-12.380655	械
10394	-12.380755	烏
10395	-12.380760	恵
10396	-12.380760	縁
10397	-12.380760	訊
10398	-12.380761	拆
10399	-12.380762	팀
10400	-12.380762	펜
10401	-12.380763	勞
10402	-12.380763	吹
10403	-12.380763	掛
10404	-12.380763	獻
10405	-12.380763	磨
10406	-12.380765	厂
10407	-12.380765	损
10408	-12.380765	综
10409	-12.380766	坑
10410	-12.380766	梅
10411	-12.380766	虎
10412	-12.380767	审
10413	-12.380768	慶
10414	-12.380769	截
10415	-12.399188	또
10416	-12.399270	鋼
10417	-12.399278	願
10418	-12.399280	挟
10419	-12.399281	넣
10420	-12.399281	춤
10421	-12.399282	阔
10422	-12.399284	塑
10423	-12.418142	莫
10424	-12.418145	潟
10425	-12.418147	寨
10426	-12.418147	尽
10427	-12.418147	庄
10428	-12.418148	銷
10429	-12.418148	랐
10430	-12.418148	짝
10431	-12.418148	컨
10432	-12.418148	탑
10433	-12.418150	匹
10434	-12.418150	卓
10435	-12.418150	赛
10436	-12.418150	陥
10437	-12.418152	〜
10438	-12.418152	滋
10439	-12.418152	緯
10440	-12.418152	陈
10441	-12.418153	択
10442	-12.418157	虚
10443	-12.437374	邻
10444	-12.437376	購
10445	-12.437377	貫
10446	-12.437377	릿
10447	-12.437378	筒
10448	-12.437378	裕
10449	-12.437378	遼
10450	-12.437379	ษ
10451	-12.437379	貓
10452	-12.437379	띠
10453	-12.437379	촌
10454	-12.437380	×
10455	-12.437380	ธ
10456	-12.437380	惠
10457	-12.437380	縦
10458	-12.437381	姿
10459	-12.437381	締
10460	-12.437382	胸
10461	-12.437383	絕
10462	-12.437384	肯
10463	-12.456983	钢
10464	-12.456985	蘚
10465	-12.456986	泄
10466	-12.456986	瓷
10467	-12.456986	蒂
10468	-12.456986	豐
10469	-12.456986	键
10470	-12.456987	拍
10471	-12.456987	沃
10472	-12.456987	误
10473	-12.456987	錢
10474	-12.456987	옹
10475	-12.456988	掲
10476	-12.456989	弃
10477	-12.456990	卢
10478	-12.456990	溉
10479	-12.456990	脊
10480	-12.476982	碑
10481	-12.476984	兆
10482	-12.476986	ฮ
10483	-12.476986	塊
10484	-12.476986	昆
10485	-12.476986	添
10486	-12.476986	穩
10487	-12.476986	辆
10488	-12.476986	锂
10489	-12.476987	卿
10490	-12.476987	吏
10491	-12.476987	꽃
10492	-12.476987	덕
10493	-12.476987	찍
10494	-12.476987	텐
10495	-12.476990	妇
10496	-12.476990	藍
10497	-12.476991	酷
10498	-12.476993	掠
10499	-12.476993	驅
10500	-12.476994	鎖
10501	-12.497289	処
10502	-12.497293	軌
10503	-12.497377	響
10504	-12.497394	淋
10505	-12.497395	ภ
10506	-12.497395	仪
10507	-12.497395	轨
10508	-12.497395	샤
10509	-12.497395	흰
10510	-12.497396	圈
10511	-12.497396	緒
10512	-12.497396	깊
10513	-12.497396	낼
10514	-12.497396	仙
10515	-12.497396	舊
10516	-12.497397	壮
10517	-12.497397	砲
10518	-12.497397	隠
10519	-12.497398	忆
10520	-12.497402	耶
10521	-12.497405	赵
10522	-12.518223	芳
10523	-12.518225	练
10524	-12.518226	稲
10525	-12.518227	漆
10526	-12.518228	랫
10527	-12.518229	柄
10528	-12.518229	鹿
10529	-12.518229	꼴
10530	-12.518229	잇
10531	-12.518229	쿼
10532	-12.518229	팽
10533	-12.518231	帮
10534	-12.518231	戴
10535	-12.518231	辟
10536	-12.518231	频
10537	-12.518232	講
10538	-12.518233	棉
10539	-12.518235	漏
10540	-12.518236	泽
10541	-12.518237	盾
10542	-12.518244	雍
10543	-12.539503	穫
10544	-12.539505	股
10545	-12.539505	赋
10546	-12.539505	뢰
10547	-12.539505	씩
10548	-12.539505	핑
10549	-12.539506	迹
10550	-12.539506	騎
10551	-12.539507	忘
10552	-12.539507	矮
10553	-12.539508	秩
10554	-12.539509	詳
10555	-12.539513	險
10556	-12.539514	圳
10557	-12.561237	疏
10558	-12.561241	揺
10559	-12.561243	堅
10560	-12.561244	缓
10561	-12.561244	賜
10562	-12.561244	닐
10563	-12.561244	롭
10564	-12.561245	׳
10565	-12.561245	茨
10566	-12.561245	픈
10567	-12.561246	怖
10568	-12.561246	捉
10569	-12.561247	块
10570	-12.561247	惯
10571	-12.561248	尖
10572	-12.561249	须
10573	-12.561250	霍
10574	-12.583355	ォ
10575	-12.583461	啟
10576	-12.583462	齊
10577	-12.583464	吳
10578	-12.583465	蛇
10579	-12.583466	丧
10580	-12.583467	碁
10581	-12.583467	鄂
10582	-12.583467	벼
10583	-12.583467	쉬
10584	-12.583467	엇
10585	-12.583467	劣
10586	-12.583467	瀬
10587	-12.583468	姻
10588	-12.583468	曜
10589	-12.583468	窒
10590	-12.583468	隸
10591	-12.583470	郑
10592	-12.583470	醇
10593	-12.583472	沢
10594	-12.583473	郭
10595	-12.583474	坡
10596	-12.606050	恒
10597	-12.606149	歴
10598	-12.606194	牲
10599	-12.606194	穀
10600	-12.606194	鸭
10601	-12.606194	깃
10602	-12.606194	듯
10603	-12.606194	렉
10604	-12.606194	젤
10605	-12.606194	쥐
10606	-12.606194	涵
10607	-12.606194	肩
10608	-12.606194	蟹
10609	-12.606195	店
10610	-12.606195	怀
10611	-12.606195	筋
10612	-12.606196	么
10613	-12.606196	诉
10614	-12.606197	熙
10615	-12.606198	抚
10616	-12.606198	貌
10617	-12.606199	遜
10618	-12.606201	丽
10619	-12.629428	▬
10620	-12.629444	楼
10621	-12.629446	腿
10622	-12.629446	颗
10623	-12.629447	薯
10624	-12.629447	辨
10625	-12.629448	톨
10626	-12.629449	抄
10627	-12.629449	甜
10628	-12.629450	祥
10629	-12.629450	隷
10630	-12.629450	닉
10631	-12.629450	룡
10632	-12.629450	묵
10633	-12.629450	즐
10634	-12.629450	컵
10635	-12.629451	ณ
10636	-12.629451	忍
10637	-12.629451	蚀
10638	-12.629451	贫
10639	-12.629451	购
10640	-12.629452	侧
10641	-12.629452	勵
10642	-12.629453	詔
10643	-12.629453	麗
10644	-12.629455	墙
10645	-12.629455	检
10646	-12.653246	健
10647	-12.653251	齡
10648	-12.653254	繞
10649	-12.653255	賴
10650	-12.653257	勘
10651	-12.653257	弘
10652	-12.653258	棋
10653	-12.653258	错
10654	-12.653259	笔
10655	-12.653259	鑽
10656	-12.653259	릭
10657	-12.653260	壞
10658	-12.653260	访
10659	-12.653261	蓝
10660	-12.653261	谈
10661	-12.653262	劑
10662	-12.653262	寻
10663	-12.653262	豚
10664	-12.653263	枢
10665	-12.653264	辭
10666	-12.653267	碼
10667	-12.677647	呂
10668	-12.677647	께
10669	-12.677647	펠
10670	-12.677648	춘
10671	-12.677649	卜
10672	-12.677649	莎
10673	-12.677649	캐
10674	-12.677649	튀
10675	-12.677649	禽
10676	-12.677649	랄
10677	-12.677649	램
10678	-12.677649	벳
10679	-12.677649	숨
10680	-12.677649	컷
10681	-12.677649	켈
10682	-12.677649	힐
10683	-12.677650	烯
10684	-12.677651	叔
10685	-12.677651	殻
10686	-12.677651	麥
10687	-12.677652	郎
10688	-12.677653	亀
10689	-12.677654	頒
10690	-12.677655	趙
10691	-12.677658	矽
10692	-12.702629	済
10693	-12.702643	跟
10694	-12.702645	謀
10695	-12.702646	凍
10696	-12.702646	帆
10697	-12.702646	碘
10698	-12.702647	腸
10699	-12.702647	训
10700	-12.702648	柔
10701	-12.702648	煮
10702	-12.702648	肤
10703	-12.702648	顆
10704	-12.702649	♡
10705	-12.702649	儲
10706	-12.702649	嶼
10707	-12.702649	挂
10708	-12.702649	瘤
10709	-12.702649	粹
10710	-12.702649	絡
10711	-12.702649	틸
10712	-12.702650	腳
10713	-12.702650	鹼
10714	-12.702650	잎
10715	-12.702651	喷
10716	-12.702651	脫
10717	-12.702651	觉
10718	-12.702651	譲
10719	-12.702652	刘
10720	-12.702652	杭
10721	-12.702653	悬
10722	-12.702653	纵
10723	-12.702653	闭
10724	-12.702654	悉
10725	-12.702655	旨
10726	-12.702666	○
10727	-12.728282	卑
10728	-12.728286	函
10729	-12.728287	畿
10730	-12.728287	餐
10731	-12.728288	浴
10732	-12.728289	买
10733	-12.728289	绕
10734	-12.728289	뱀
10735	-12.728290	惡
10736	-12.728290	碎
10737	-12.728290	괄
10738	-12.728290	뉘
10739	-12.728290	맨
10740	-12.728291	―
10741	-12.728291	씬
10742	-12.728292	檢
10743	-12.728292	곧
10744	-12.728292	猛
10745	-12.728292	纂
10746	-12.728292	裏
10747	-12.728292	隋
10748	-12.728292	魔
10749	-12.728293	仲
10750	-12.728293	埔
10751	-12.728293	崙
10752	-12.728293	繪
10753	-12.728293	藥
10754	-12.728293	跳
10755	-12.728294	岭
10756	-12.728294	嶺
10757	-12.728294	恋
10758	-12.728294	煙
10759	-12.728294	赞
10760	-12.728295	傑
10761	-12.728295	逊
10762	-12.728297	溪
10763	-12.728298	舰
10764	-12.728299	毫
10765	-12.728299	湘
10766	-12.754523	鮮
10767	-12.754599	飽
10768	-12.754601	侍
10769	-12.754604	毕
10770	-12.754604	默
10771	-12.754605	′
10772	-12.754605	慮
10773	-12.754605	猶
10774	-12.754605	됨
10775	-12.754606	ī
10776	-12.754606	帽
10777	-12.754606	鄉
10778	-12.754606	캠
10779	-12.754607	夕
10780	-12.754607	庶
10781	-12.754607	谢
10782	-12.754607	듬
10783	-12.754607	턱
10784	-12.754608	晩
10785	-12.754609	坊
10786	-12.754609	趋
10787	-12.754610	奈
10788	-12.754610	炮
10789	-12.754611	踊
10790	-12.754612	丝
10791	-12.754614	攝
10792	-12.754616	痴
10793	-12.754617	呆
10794	-12.781610	☆
10795	-12.781631	腕
10796	-12.781631	叉
10797	-12.781631	稼
10798	-12.781631	辰
10799	-12.781632	償
10800	-12.781632	恶
10801	-12.781632	桶
10802	-12.781632	驱
10803	-12.781632	랍
10804	-12.781632	슘
10805	-12.781633	ʼ
10806	-12.781633	藉
10807	-12.781633	돔
10808	-12.781634	ฉ
10809	-12.781634	粗
10810	-12.781634	겐
10811	-12.781636	椎
10812	-12.781637	壳
10813	-12.781638	贯
10814	-12.781647	忠
10815	-12.791256	“
10816	-12.809393	喀
10817	-12.809404	獎
10818	-12.809407	謂
10819	-12.809408	慈
10820	-12.809408	缅
10821	-12.809409	夹
10822	-12.809409	慰
10823	-12.809409	戊
10824	-12.809409	猟
10825	-12.809410	串
10826	-12.809410	勉
10827	-12.809410	咸
10828	-12.809410	웅
10829	-12.809411	悲
10830	-12.809411	棕
10831	-12.809411	濫
10832	-12.809411	疹
10833	-12.809411	랭
10834	-12.809411	빙
10835	-12.809411	섞
10836	-12.809411	헝
10837	-12.809412	ø
10838	-12.809412	ङ
10839	-12.809412	娶
10840	-12.809412	寶
10841	-12.809412	帕
10842	-12.809412	殼
10843	-12.809412	鞋
10844	-12.809412	솔
10845	-12.809413	敏
10846	-12.809413	阴
10847	-12.809413	陳
10848	-12.809414	汶
10849	-12.809414	讯
10850	-12.809415	愈
10851	-12.809417	鈉
10852	-12.809420	颜
10853	-12.809422	虽
10854	-12.809423	佩
10855	-12.837965	括
10856	-12.837972	怪
10857	-12.837976	丈
10858	-12.837981	婴
10859	-12.837981	沸
10860	-12.837981	艾
10861	-12.837982	ū
10862	-12.837982	嘴
10863	-12.837982	挑
10864	-12.837982	翼
10865	-12.837983	寬
10866	-12.837983	腔
10867	-12.837984	猴
10868	-12.837984	纤
10869	-12.837985	偉
10870	-12.837985	涂
10871	-12.837985	腫
10872	-12.837986	奠
10873	-12.837987	帅
10874	-12.837988	卻
10875	-12.837988	润
10876	-12.837989	扶
10877	-12.837989	擦
10878	-12.837990	鉴
10879	-12.867390	纷
10880	-12.867391	鼎
10881	-12.867393	紧
10882	-12.867393	펴
10883	-12.867393	徹
10884	-12.867393	砕
10885	-12.867393	锁
10886	-12.867394	¥
10887	-12.867394	填
10888	-12.867394	昼
10889	-12.867394	瓶
10890	-12.867394	蝕
10891	-12.867394	袁
10892	-12.867394	逸
10893	-12.867394	髪
10894	-12.867394	봄
10895	-12.867394	욱
10896	-12.867394	잉
10897	-12.867395	丞
10898	-12.867395	愿
10899	-12.867395	胶
10900	-12.867395	舟
10901	-12.867397	戒
10902	-12.867397	摘
10903	-12.867398	訴
10904	-12.867399	瑟
10905	-12.867399	赴
10906	-12.867399	霸
10907	-12.867401	你
10908	-12.867403	彝
10909	-12.897689	炉
10910	-12.897691	辑
10911	-12.897692	逻
10912	-12.897694	卒
10913	-12.897694	徑
10914	-12.897695	妹
10915	-12.897695	胁
10916	-12.897695	駅
10917	-12.897696	巣
10918	-12.897696	焚
10919	-12.897696	芯
10920	-12.897696	听
10921	-12.897696	肢
10922	-12.897696	멍
10923	-12.897697	ی
10924	-12.897697	仔
10925	-12.897697	擇
10926	-12.897697	棲
10927	-12.897697	汁
10928	-12.897697	脏
10929	-12.897697	닝
10930	-12.897697	룰
10931	-12.897698	堤
10932	-12.897698	悠
10933	-12.897698	捨
10934	-12.897698	盲
10935	-12.897698	舍
10936	-12.897699	债
10937	-12.897699	徙
10938	-12.897699	斑
10939	-12.897699	苯
10940	-12.897700	ฬ
10941	-12.897700	屏
10942	-12.897700	旁
10943	-12.897703	廟
10944	-12.897703	衙
10945	-12.897704	陀
10946	-12.897706	幸
10947	-12.897706	浙
10948	-12.897706	渠
10949	-12.897707	滩
10950	-12.928936	枚
10951	-12.928938	孝
10952	-12.928942	讀
10953	-12.928943	遵
10954	-12.928944	刃
10955	-12.928944	祀
10956	-12.928944	隙
10957	-12.928945	誓
10958	-12.928946	勾
10959	-12.928946	沟
10960	-12.928946	狗
10961	-12.928946	瞬
10962	-12.928946	禦
10963	-12.928946	膠
10964	-12.928946	驚
10965	-12.928946	懸
10966	-12.928946	罷
10967	-12.928946	钮
10968	-12.928946	늦
10969	-12.928946	덮
10970	-12.928946	앗
10971	-12.928947	乔
10972	-12.928947	攜
10973	-12.928947	笛
10974	-12.928947	陣
10975	-12.928947	떡
10976	-12.928947	룩
10977	-12.928947	밭
10978	-12.928948	誇
10979	-12.928948	듭
10980	-12.928949	虑
10981	-12.928950	̲
10982	-12.928950	彫
10983	-12.928951	縱
10984	-12.928953	雖
10985	-12.928954	珊
10986	-12.928955	埠
10987	-12.928957	矛
10988	-12.961190	牆
10989	-12.961193	飯
10990	-12.961201	塘
10991	-12.961202	欲
10992	-12.961202	芝
10993	-12.961203	歼
10994	-12.961203	麓
10995	-12.961204	忽
10996	-12.961205	噬
10997	-12.961205	沼
10998	-12.961205	碍
10999	-12.961205	껍
11000	-12.961205	聽
11001	-12.961205	袖
11002	-12.961205	딸
11003	-12.961205	밥
11004	-12.961205	컬
11005	-12.961206	侨
11006	-12.961206	漂
11007	-12.961206	爬
11008	-12.961206	赏
11009	-12.961206	邑
11010	-12.961207	鳴
11011	-12.961208	歧
11012	-12.961209	册
11013	-12.961209	妃
11014	-12.961209	虐
11015	-12.961212	滞
11016	-12.961212	禄
11017	-12.994526	垣
11018	-12.994535	禧
11019	-12.994535	雕
11020	-12.994536	즌
11021	-12.994537	她
11022	-12.994537	拼
11023	-12.994537	覇
11024	-12.994538	¡
11025	-12.994538	墾
11026	-12.994538	杆
11027	-12.994538	賦
11028	-12.994538	钙
11029	-12.994538	끄
11030	-12.994538	덩
11031	-12.994538	멘
11032	-12.994538	빼
11033	-12.994538	싼
11034	-12.994538	펄
11035	-12.994539	囚
11036	-12.994539	寝
11037	-12.994539	煉
11038	-12.994539	礁
11039	-12.994539	錐
11040	-12.994539	롬
11041	-12.994540	妨
11042	-12.994541	履
11043	-12.994541	巧
11044	-12.994541	怒
11045	-12.994541	溃
11046	-12.994541	誉
11047	-12.994541	謝
11048	-12.994541	跑
11049	-12.994542	骑
11050	-12.994543	杰
11051	-12.994544	瑚
11052	-12.994545	斥
11053	-13.029006	响
11054	-13.029016	乃
11055	-13.029016	堪
11056	-13.029016	谓
11057	-13.029019	●
11058	-13.029019	昔
11059	-13.029019	濕
11060	-13.029019	炼
11061	-13.029019	顧
11062	-13.029020	勧
11063	-13.029020	滤
11064	-13.029020	驶
11065	-13.029020	냄
11066	-13.029021	偽
11067	-13.029021	捂
11068	-13.029021	潛
11069	-13.029021	託
11070	-13.029021	믹
11071	-13.029021	섯
11072	-13.029022	尋
11073	-13.029022	氾
11074	-13.029022	脅
11075	-13.029022	웰
11076	-13.029022	홀
11077	-13.029023	勇
11078	-13.029024	捜
11079	-13.029024	旬
11080	-13.029024	疲
11081	-13.029024	鬥
11082	-13.029025	喂
11083	-13.029025	憂
11084	-13.029025	斉
11085	-13.029026	剰
11086	-13.029026	贴
11087	-13.029026	鉀
11088	-13.029027	遮
11089	-13.029028	喪
11090	-13.029028	欢
11091	-13.029030	緬
11092	-13.064391	般
11093	-13.064711	濟
11094	-13.064732	鑑
11095	-13.064733	佳
11096	-13.064733	宦
11097	-13.064733	涼
11098	-13.064733	荘
11099	-13.064734	槍
11100	-13.064734	硝
11101	-13.064734	粋
11102	-13.064734	赐
11103	-13.064734	锡
11104	-13.064734	傘
11105	-13.064734	拖
11106	-13.064734	搬
11107	-13.064734	撫
11108	-13.064734	潔
11109	-13.064734	繋
11110	-13.064734	萊
11111	-13.064734	갯
11112	-13.064735	亨
11113	-13.064735	懼
11114	-13.064735	掉
11115	-13.064735	竞
11116	-13.064735	膏
11117	-13.064735	눌
11118	-13.064735	멜
11119	-13.064736	勤
11120	-13.064736	堰
11121	-13.064736	汤
11122	-13.064736	萝
11123	-13.064736	谋
11124	-13.064736	롱
11125	-13.064737	忙
11126	-13.064737	闪
11127	-13.064738	壽
11128	-13.064738	飢
11129	-13.064739	塚
11130	-13.064739	炒
11131	-13.064740	驼
11132	-13.064741	阪
11133	-13.064741	颈
11134	-13.064743	績
11135	-13.064747	蔓
11136	-13.101769	溥
11137	-13.101770	戍
11138	-13.101770	斩
11139	-13.101771	幫
11140	-13.101771	诱
11141	-13.101771	큐
11142	-13.101772	漿
11143	-13.101772	綴
11144	-13.101772	耸
11145	-13.101772	곰
11146	-13.101772	릉
11147	-13.101772	찌
11148	-13.101773	募
11149	-13.101773	奨
11150	-13.101773	摇
11151	-13.101773	讃
11152	-13.101773	饼
11153	-13.101773	헨
11154	-13.101774	胺
11155	-13.101774	脾
11156	-13.101775	暫
11157	-13.101775	闻
11158	-13.101776	ฝ
11159	-13.101776	〉
11160	-13.101777	僑
11161	-13.101777	胚
11162	-13.101777	闊
11163	-13.101778	腎
11164	-13.101779	謙
11165	-13.101783	捷
11166	-13.139890	唯
11167	-13.140218	遍
11168	-13.140226	究
11169	-13.140226	鐘
11170	-13.140232	弥
11171	-13.140232	懷
11172	-13.140232	茂
11173	-13.140232	蕃
11174	-13.140232	靖
11175	-13.140233	琵
11176	-13.140233	祈
11177	-13.140233	纖
11178	-13.140234	窮
11179	-13.140234	鶏
11180	-13.140234	꼭
11181	-13.140234	덤
11182	-13.140234	퀘
11183	-13.140234	폼
11184	-13.140235	ぽ
11185	-13.140235	屑
11186	-13.140235	閩
11187	-13.140235	뚜
11188	-13.140235	숲
11189	-13.140235	칩
11190	-13.140236	唆
11191	-13.140236	엑
11192	-13.140237	凡
11193	-13.140237	暮
11194	-13.140238	〈
11195	-13.140238	哪
11196	-13.140239	骸
11197	-13.140240	橫
11198	-13.140240	胀
11199	-13.140240	腰
11200	-13.140240	迷
11201	-13.140241	鄰
11202	-13.140243	拘
11203	-13.180223	絲
11204	-13.180228	⃣
11205	-13.180229	宏
11206	-13.180229	黏
11207	-13.180231	虾
11208	-13.180231	蚕
11209	-13.180232	肃
11210	-13.180232	鴨
11211	-13.180233	掃
11212	-13.180233	罹
11213	-13.180233	陪
11214	-13.180233	驾
11215	-13.180234	净
11216	-13.180234	栖
11217	-13.180235	貞
11218	-13.180235	趕
11219	-13.180236	瑰
11220	-13.180236	粥
11221	-13.180236	聘
11222	-13.180236	肠
11223	-13.180236	莊
11224	-13.180236	隅
11225	-13.180236	靈
11226	-13.180237	婆
11227	-13.180237	绞
11228	-13.180237	觸
11229	-13.180237	댓
11230	-13.180238	捏
11231	-13.180238	梯
11232	-13.180239	寸
11233	-13.180239	玩
11234	-13.180243	弯
11235	-13.221888	塗
11236	-13.221890	顷
11237	-13.221892	毗
11238	-13.221894	宠
11239	-13.221894	萎
11240	-13.221894	註
11241	-13.221895	凱
11242	-13.221898	霜
11243	-13.221899	歪
11244	-13.221899	똑
11245	-13.221900	ॅ
11246	-13.221900	๋
11247	-13.221900	档
11248	-13.221900	槽
11249	-13.221900	獵
11250	-13.221900	쇼
11251	-13.221901	​
11252	-13.221901	嫁
11253	-13.221901	廠
11254	-13.221901	梨
11255	-13.221901	歇
11256	-13.221901	竜
11257	-13.221901	隐
11258	-13.221901	놈
11259	-13.221901	셔
11260	-13.221901	죠
11261	-13.221901	쯤
11262	-13.221901	흙
11263	-13.221902	捐
11264	-13.221902	曇
11265	-13.221902	貯
11266	-13.221902	輔
11267	-13.221902	꺼
11268	-13.221902	닭
11269	-13.221903	奔
11270	-13.221903	帜
11271	-13.221903	敘
11272	-13.221903	柳
11273	-13.221903	踪
11274	-13.221903	鵲
11275	-13.221904	兹
11276	-13.221904	溴
11277	-13.221906	痕
11278	-13.221906	粟
11279	-13.221906	糕
11280	-13.221906	輩
11281	-13.221907	橘
11282	-13.221907	紋
11283	-13.221907	遡
11284	-13.221911	湯
11285	-13.265368	绥
11286	-13.265370	炊
11287	-13.265370	誰
11288	-13.265372	楊
11289	-13.265372	赖
11290	-13.265374	辣
11291	-13.265375	嫡
11292	-13.265376	铅
11293	-13.265377	亥
11294	-13.265377	绵
11295	-13.265378	坝
11296	-13.265378	潰
11297	-13.265378	饥
11298	-13.265379	倣
11299	-13.265379	扣
11300	-13.265379	杖
11301	-13.265379	疊
11302	-13.265379	董
11303	-13.265379	锥
11304	-13.265379	럭
11305	-13.265379	렴
11306	-13.265379	탱
11307	-13.265380	卤
11308	-13.265380	庞
11309	-13.265380	戈
11310	-13.265380	斤
11311	-13.265380	枪
11312	-13.265380	蜜
11313	-13.265380	裸
11314	-13.265380	빗
11315	-13.265381	偷
11316	-13.265381	吕
11317	-13.265381	脆
11318	-13.265381	鏈
11319	-13.265381	铃
11320	-13.265382	伞
11321	-13.265382	氙
11322	-13.265382	罰
11323	-13.265382	覽
11324	-13.265382	頸
11325	-13.265382	顾
11326	-13.265382	騒
11327	-13.265383	酰
11328	-13.265384	茄
11329	-13.265386	仓
11330	-13.265386	榜
11331	-13.265387	狄
11332	-13.310821	蚬
11333	-13.310823	齋
11334	-13.310827	陕
11335	-13.310828	蓬
11336	-13.310830	厅
11337	-13.310831	嫌
11338	-13.310831	稠
11339	-13.310832	抛
11340	-13.310832	绍
11341	-13.310832	隼
11342	-13.310833	插
11343	-13.310833	渉
11344	-13.310833	賢
11345	-13.310834	■
11346	-13.310834	寡
11347	-13.310834	巫
11348	-13.310834	猩
11349	-13.310834	盡
11350	-13.310834	輯
11351	-13.310834	깔
11352	-13.310834	뿔
11353	-13.310834	삽
11354	-13.310834	슐
11355	-13.310834	쿨
11356	-13.310834	햄
11357	-13.310835	`
11358	-13.310835	姜
11359	-13.310835	朵
11360	-13.310835	杨
11361	-13.310835	糞
11362	-13.310835	逮
11363	-13.310835	鋁
11364	-13.310836	侶
11365	-13.310836	寛
11366	-13.310836	慕
11367	-13.310836	抒
11368	-13.310836	阁
11369	-13.310838	─
11370	-13.310838	滇
11371	-13.310839	挫
11372	-13.310840	彎
11373	-13.310840	窝
11374	-13.310840	蔽
11375	-13.310841	ぬ
11376	-13.310841	澤
11377	-13.310841	硅
11378	-13.310841	稍
11379	-13.310841	穷
11380	-13.310843	渦
11381	-13.310843	纬
11382	-13.358421	째
11383	-13.358441	圭
11384	-13.358441	얀
11385	-13.358442	幽
11386	-13.358446	伟
11387	-13.358448	筹
11388	-13.358449	凧
11389	-13.358449	蓮
11390	-13.358449	递
11391	-13.358450	郵
11392	-13.358451	凸
11393	-13.358451	狂
11394	-13.358452	忌
11395	-13.358452	爪
11396	-13.358453	殘
11397	-13.358453	泳
11398	-13.358453	賛
11399	-13.358453	闰
11400	-13.358453	끔
11401	-13.358453	늑
11402	-13.358453	럴
11403	-13.358453	삭
11404	-13.358454	喝
11405	-13.358454	柬
11406	-13.358454	碰
11407	-13.358454	닫
11408	-13.358454	팥
11409	-13.358455	凌
11410	-13.358455	碟
11411	-13.358455	贊
11412	-13.358455	趨
11413	-13.358456	畑
11414	-13.358457	摧
11415	-13.358458	嘗
11416	-13.358459	匠
11417	-13.358459	框
11418	-13.358459	挪
11419	-13.358459	浄
11420	-13.358464	倭
11421	-13.408443	鋭
11422	-13.408445	冕
11423	-13.408447	檔
11424	-13.408448	恨
11425	-13.408449	亩
11426	-13.408450	勋
11427	-13.408450	浓
11428	-13.408450	貸
11429	-13.408452	恰
11430	-13.408452	猿
11431	-13.408452	菱
11432	-13.408452	齒
11433	-13.408453	پ
11434	-13.408453	冀
11435	-13.408453	巾
11436	-13.408453	昂
11437	-13.408453	桜
11438	-13.408453	牒
11439	-13.408453	瑪
11440	-13.408453	陨
11441	-13.408453	页
11442	-13.408453	궐
11443	-13.408453	럿
11444	-13.408454	ڤ
11445	-13.408454	凯
11446	-13.408454	噪
11447	-13.408454	稽
11448	-13.408454	遙
11449	-13.408454	鯨
11450	-13.408455	旦
11451	-13.408455	篮
11452	-13.408456	汎
11453	-13.408456	赢
11454	-13.408456	鹵
11455	-13.408457	ぞ
11456	-13.408457	悩
11457	-13.408457	扎
11458	-13.408457	窓
11459	-13.408458	劫
11460	-13.408459	焉
11461	-13.408464	坚
11462	-13.408471	詹
11463	-13.461074	銘
11464	-13.461077	蕉
11465	-13.461078	壯
11466	-13.461078	蛮
11467	-13.461078	鄭
11468	-13.461079	桂
11469	-13.461080	壇
11470	-13.461080	嫩
11471	-13.461081	怕
11472	-13.461081	悼
11473	-13.461081	磚
11474	-13.461082	旺
11475	-13.461082	盧
11476	-13.461082	胆
11477	-13.461082	偵
11478	-13.461082	噸
11479	-13.461082	灘
11480	-13.461083	喻
11481	-13.461083	芦
11482	-13.461084	€
11483	-13.461084	傍
11484	-13.461084	塾
11485	-13.461084	墮
11486	-13.461084	擅
11487	-13.461084	贈
11488	-13.461084	闲
11489	-13.461084	뚝
11490	-13.461084	밍
11491	-13.461084	쩌
11492	-13.461085	兔
11493	-13.461085	嘆
11494	-13.461085	壟
11495	-13.461085	狼
11496	-13.461085	裹
11497	-13.461085	餓
11498	-13.461086	嵌
11499	-13.461086	氩
11500	-13.461086	滴
11501	-13.461086	릅
11502	-13.461086	찹
11503	-13.461087	岗
11504	-13.461087	帳
11505	-13.461087	烷
11506	-13.461088	坎
11507	-13.461089	攀
11508	-13.461089	渇
11509	-13.461091	仑
11510	-13.461091	寓
11511	-13.461091	蔗
11512	-13.461092	敌
11513	-13.461092	錬
11514	-13.461094	蔣
11515	-13.461095	缘
11516	-13.461097	廳
11517	-13.516627	鹤
11518	-13.516629	甫
11519	-13.516635	沫
11520	-13.516636	賠
11521	-13.516636	违
11522	-13.516636	靜
11523	-13.516638	黔
11524	-13.516638	옆
11525	-13.516638	펙
11526	-13.516639	→
11527	-13.516639	팬
11528	-13.516640	÷
11529	-13.516640	ΐ
11530	-13.516640	ᆞ
11531	-13.516640	匙
11532	-13.516640	叹
11533	-13.516640	噶
11534	-13.516640	欺
11535	-13.516640	淘
11536	-13.516640	焊
11537	-13.516640	阵
11538	-13.516640	靴
11539	-13.516640	뭉
11540	-13.516640	셜
11541	-13.516640	퀴
11542	-13.516641	摆
11543	-13.516641	涌
11544	-13.516641	淫
11545	-13.516641	溜
11546	-13.516641	畏
11547	-13.516641	眉
11548	-13.516641	篡
11549	-13.516641	赌
11550	-13.516641	轰
11551	-13.516641	钞
11552	-13.516641	뱅
11553	-13.516641	벗
11554	-13.516641	첸
11555	-13.516641	템
11556	-13.516642	慧
11557	-13.516642	挽
11558	-13.516642	煎
11559	-13.516642	腓
11560	-13.516642	薛
11561	-13.516642	覺
11562	-13.516642	酮
11563	-13.516642	黜
11564	-13.516642	읍
11565	-13.516642	펀
11566	-13.516643	渊
11567	-13.516643	瘟
11568	-13.516643	篆
11569	-13.516643	纹
11570	-13.516643	缔
11571	-13.516643	胴
11572	-13.516643	霊
11573	-13.516643	魂
11574	-13.516644	ฆ
11575	-13.516644	嗣
11576	-13.516644	廿
11577	-13.516644	搜
11578	-13.516644	豹
11579	-13.516644	邏
11580	-13.516646	鹅
11581	-13.516647	麺
11582	-13.516649	兎
11583	-13.575422	嚥
11584	-13.575452	頡
11585	-13.575454	浩
11586	-13.575454	肚
11587	-13.575455	潘
11588	-13.575455	锦
11589	-13.575456	湧
11590	-13.575456	荡
11591	-13.575459	鑄
11592	-13.575459	廻
11593	-13.575459	晕
11594	-13.575460	寇
11595	-13.575460	獄
11596	-13.575460	痢
11597	-13.575461	吊
11598	-13.575461	慘
11599	-13.575461	葵
11600	-13.575461	躺
11601	-13.575461	邸
11602	-13.575462	剑
11603	-13.575462	疎
11604	-13.575462	盗
11605	-13.575462	麼
11606	-13.575463	₿
11607	-13.575463	凹
11608	-13.575463	刚
11609	-13.575463	崖
11610	-13.575463	扇
11611	-13.575463	挖
11612	-13.575463	蒐
11613	-13.575463	蝶
11614	-13.575463	銃
11615	-13.575463	钩
11616	-13.575463	阅
11617	-13.575463	齿
11618	-13.575463	꿀
11619	-13.575463	덧
11620	-13.575463	싹
11621	-13.575464	勸
11622	-13.575464	拨
11623	-13.575464	滚
11624	-13.575464	蠶
11625	-13.575464	赶
11626	-13.575464	铸
11627	-13.575464	饲
11628	-13.575464	鳳
11629	-13.575465	ऍ
11630	-13.575465	殉
11631	-13.575465	洩
11632	-13.575465	贷
11633	-13.575466	劾
11634	-13.575466	柵
11635	-13.575466	褐
11636	-13.575466	迄
11637	-13.575467	喇
11638	-13.575467	桓
11639	-13.575467	羌
11640	-13.575467	跃
11641	-13.575467	馏
11642	-13.575468	践
11643	-13.575469	砍
11644	-13.575470	泻
11645	-13.575471	沦
11646	-13.575473	盜
11647	-13.575474	侄
11648	-13.575474	遥
11649	-13.575506	󾓦
11650	-13.627805	đ
11651	-13.628119	@
11652	-13.637955	魁
11653	-13.637956	锐
11654	-13.637958	斧
11655	-13.637958	肅
11656	-13.637959	匯
11657	-13.637959	柯
11658	-13.637959	浆
11659	-13.637959	淵
11660	-13.637959	澄
11661	-13.637959	馮
11662	-13.637959	徭
11663	-13.637959	礙
11664	-13.637960	俳
11665	-13.637960	峽
11666	-13.637960	缝
11667	-13.637960	虹
11668	-13.637960	誦
11669	-13.637960	遞
11670	-13.637961	繫
11671	-13.637961	舒
11672	-13.637961	艘
11673	-13.637961	辈
11674	-13.637961	騷
11675	-13.637962	亭
11676	-13.637962	堵
11677	-13.637962	擺
11678	-13.637962	滨
11679	-13.637962	漲
11680	-13.637963	俱
11681	-13.637963	剣
11682	-13.637963	剪
11683	-13.637963	厄
11684	-13.637963	壘
11685	-13.637963	扰
11686	-13.637963	撥
11687	-13.637963	殷
11688	-13.637963	瀕
11689	-13.637963	焰
11690	-13.637963	猎
11691	-13.637963	盒
11692	-13.637963	답
11693	-13.637963	땀
11694	-13.637963	삐
11695	-13.637963	쾌
11696	-13.637964	‰
11697	-13.637964	嚢
11698	-13.637964	汛
11699	-13.637964	蚊
11700	-13.637964	详
11701	-13.637964	꿈
11702	-13.637964	쁜
11703	-13.637965	喉
11704	-13.637965	擾
11705	-13.637965	澡
11706	-13.637965	肛
11707	-13.637965	菩
11708	-13.637965	鬼
11709	-13.637965	밤
11710	-13.637966	倾
11711	-13.637966	盈
11712	-13.637966	筛
11713	-13.637966	荆
11714	-13.637966	諜
11715	-13.637967	悖
11716	-13.637967	慎
11717	-13.637967	玛
11718	-13.637967	胖
11719	-13.637967	蒲
11720	-13.637967	諧
11721	-13.637967	譽
11722	-13.637967	钉
11723	-13.637967	鷹
11724	-13.637968	峭
11725	-13.637968	弈
11726	-13.637969	篤
11727	-13.637969	縫
11728	-13.637969	駿
11729	-13.637971	欽
11730	-13.637971	爲
11731	-13.637973	轴
11732	-13.637979	芭
11733	-13.704618	籠
11734	-13.704620	凿
11735	-13.704620	粤
11736	-13.704623	粪
11737	-13.704624	綿
11738	-13.704626	囊
11739	-13.704626	娘
11740	-13.704626	椒
11741	-13.704627	巢
11742	-13.704628	垦
11743	-13.704628	姑
11744	-13.704628	臂
11745	-13.704629	­
11746	-13.704629	‐
11747	-13.704629	剥
11748	-13.704629	喬
11749	-13.704629	棍
11750	-13.704630	ऩ
11751	-13.704630	༼
11752	-13.704630	༽
11753	-13.704630	叢
11754	-13.704630	哭
11755	-13.704630	忧
11756	-13.704630	懲
11757	-13.704630	泣
11758	-13.704630	烂
11759	-13.704630	皿
11760	-13.704630	팡
11761	-13.704631	∼
11762	-13.704631	傣
11763	-13.704631	噛
11764	-13.704631	朋
11765	-13.704631	燈
11766	-13.704631	爐
11767	-13.704631	翅
11768	-13.704632	塌
11769	-13.704632	籌
11770	-13.704633	滥
11771	-13.704633	臟
11772	-13.704634	肆
11773	-13.704635	氰
11774	-13.704637	柑
11775	-13.704637	狐
11776	-13.704638	睦
11777	-13.776060	볶
11778	-13.852974	栽
11779	-13.852982	넷
11780	-13.935948	央
11781	-13.936312	賓
11782	-14.027215	腊
11783	-14.427281	️
11784	-14.872859	솜
11785	-15.934955	膑
11786	-15.935055	篳
11787	-15.935155	篥
11788	-15.935255	矸
11789	-15.935355	琶
11790	-15.935455	橢
11791	-15.935555	칵
11792	-15.935655	슛
11793	-15.935755	뺀
11794	-15.935855	륭
11795	-15.935955	렙
11796	-15.936055	댄
11797	-15.936155	爷
11798	-15.936255	卉
11799	-15.936355	쑨
11800	-15.936455	밴
11801	-15.936555	렷
11802	-15.936655	끊
11803	-15.936755	걱
11804	-15.936855	蹈
11805	-15.936954	滸
11806	-15.937055	拇
11807	-15.937155	崛
11808	-15.937255	媛
11809	-15.937355	캔
11810	-15.937455	뻗
11811	-15.937555	鹃
11812	-15.937654	骼
11813	-15.937755	绩
11814	-15.937855	紊
11815	-15.937955	稚
11816	-15.938055	玫
11817	-15.938155	娱
11818	-15.938255	儡
11819	-15.938354	傀
11820	-15.938455	섰
11821	-15.938555	묶
11822	-15.938655	닦
11823	-15.938755	튬
11824	-15.938855	샌
11825	-15.938955	낱
11826	-15.939054	鵑
11827	-15.939155	빅
11828	-15.939255	밑
11829	-15.939355	꺾
11830	-15.939455	겸
11831	-15.939555	鸦
11832	-15.939655	虏
11833	-15.939754	箇
11834	-15.939855	嬰
11835	-15.939955	훌
11836	-15.940055	첨
11837	-15.940155	곁
11838	-15.940255	辐
11839	-15.940355	쓸
11840	-15.940454	딱
11841	-15.940555	湄
11842	-15.940655	垃
11843	-15.940755	圾
11844	-15.940855	펩
11845	-15.940955	듣
11846	-15.941055	楕
11847	-15.941154	컫
11848	-15.941255	뀌
11849	-15.941355	鰾
11850	-15.941455	颱
11851	-15.941555	쓱
11852	-15.941655	돕
11853	-15.941755	끓
11854	-15.941854	겹
11855	-15.941955	隕
11856	-15.942055	渤
11857	-15.942155	„
11858	-15.942255	묻
11859	-15.942355	뤄
11860	-15.942455	깥
11861	-15.942554	剖
11862	-15.942655	믿
11863	-15.942755	갱
11864	-15.942855	扮
11865	-15.942955	◕
11866	-15.943055	젖
11867	-15.943155	轟
11868	-15.943254	娠
11869	-15.943355	늬
11870	-15.943455	뉜
11871	-15.943555	漑
11872	-15.943655	̅
11873	-15.943755	얇
11874	-15.943855	輻
11875	-15.943954	肿
11876	-15.944055	癬
11877	-15.944155	汐
11878	-15.944255	挿
11879	-15.944355	▃
11880	-15.944455	윌
11881	-15.944555	붉
11882	-15.944654	렇
11883	-15.944755	壌
11884	-15.944855	뿌
11885	-15.944955	驯
11886	-15.945055	择
11887	-15.945155	훨
11888	-15.945255	겪
11889	-15.945354	걷
11890	-15.945455	屿
11891	-15.945555	닷
11892	-15.945655	蔬
11893	-15.945755	‣
11894	-15.945855	펼
11895	-15.945955	룹
11896	-15.946054	厥
11897	-15.946155	ẳ
11898	-15.946255	︎
11899	-15.946355	옛
11900	-15.946455	띄
11901	-15.946555	繰
11902	-15.946655	哺
11903	-15.946754	혔
11904	-15.946855	옮
11905	-15.946955	맡
11906	-15.947055	纺
11907	-15.947155	삶
11908	-15.947255	낳
11909	-15.947355	젊
11910	-15.947454	납
11911	-15.947555	ぱ
11912	-15.947655	쿄
11913	-15.947755	잃
11914	-15.947855	짧
11915	-15.947955	쓴
11916	-15.948055	걀
11917	-15.948154	肪
11918	-15.948255	읽
11919	-15.948355	왼
11920	-15.948455	楔
11921	-15.948555	흘
11922	-15.948655	떻
11923	-15.948755	膚
11924	-15.948854	멀
11925	-15.948955	눅
11926	-15.949055	꼽
11927	-15.949155	鎌
11928	-15.949255	밖
11929	-15.949355	몇
11930	-15.949455	텍
11931	-15.949554	젝
11932	-15.949655	궤
11933	-15.949755	맺
11934	-15.949855	멕
11935	-15.949955	±
11936	-15.950055	끌
11937	-15.950155	础
11938	-15.950254	슷
11939	-15.950355	냉
11940	-15.950455	덜
11941	-15.950555	萄
11942	-15.950655	恢
11943	-15.950755	넓
11944	-15.950855	앞
11945	-15.950954	둘
11946	-15.951055	즉
11947	-15.951155	첫
11948	-15.951255	떤
11949	-15.951355	켰
11950	-15.951455	떠
11951	-15.951555	ỹ
11952	-15.951654	밝
11953	-15.951755	몸
11954	-15.951855	떨
11955	-15.951955	얻
11956	-15.952055	좋
11957	-15.952155	ẩ
11958	-15.952255	ऋ
11959	-15.952354	됩
11960	-15.952455	ํ
11961	-15.952555	뜻
11962	-15.952655	흡
11963	-15.952755	벡
11964	-15.952855	갖
11965	-15.952955	낮
11966	-15.953054	ằ
11967	-15.953155	礎
11968	-15.953255	눈
11969	-15.953355	ừ
11970	-15.953455	ऑ
11971	-15.953555	宙
11972	-15.953655	ァ
11973	-15.953754	높
11974	-15.953855	ữ
11975	-15.953955	彗
11976	-15.954055	ắ
11977	-15.954155	ồ
11978	-15.954255	ặ
11979	-15.954355	ự
11980	-15.954454	ứ
11981	-15.954555	확
11982	-15.954655	많
11983	-15.954755	ầ
11984	-15.954855	ị
11985	-15.954955	ậ
11986	-15.955055	ェ
11987	-15.955154	것
11988	-15.955255	ॉ
11989	-15.955355	ạ
11990	-15.955455	ृ
11991	-15.955555	̇
11992	-15.955655	있
11993	-15.955755	었
11994	-15.955854	ư
11995	-15.955859	ञ
11996	-15.955955	έ
11997	-15.956055	औ
11998	-15.956155	إ
11999	-15.956155	貿
